BP.H.01	EFF.GENHN.07	stmt-dep	H	OPEN	blueprint	from:exact,to:exact	blueprint	source=blueprint | CHAP-H NODE H.01 SOURCE (transcription)
BP.H.01	EFF.GENIND.62	stmt-dep	H	OPEN	blueprint	from:exact,to:exact	blueprint	source=blueprint | CHAP-H NODE H.01 SOURCE (transcription)
BP.H.02	BP.H.01	proof-dep	H	OPEN	blueprint	from:exact,to:exact	blueprint	source=blueprint | CHAP-H NODE H.02 DEPENDS
BP.H.02	EFF.GENHN.07	stmt-dep	H	OPEN	blueprint	from:exact,to:exact	blueprint	source=blueprint | CHAP-H NODE H.02 SOURCE (transcription)
BP.H.02	EFF.GENHN.08	stmt-dep	H	OPEN	blueprint	from:exact,to:exact	blueprint	source=blueprint | CHAP-H NODE H.02 SOURCE (transcription)
BP.H.02	EFF.GENHN.12	stmt-dep	H	OPEN	blueprint	from:exact,to:exact	blueprint	source=blueprint | CHAP-H NODE H.02 SOURCE (transcription)
BP.H.02	EFF.GENHN.23	stmt-dep	H	OPEN	blueprint	from:exact,to:exact	blueprint	source=blueprint | CHAP-H NODE H.02 SOURCE (transcription)
BP.H.02	EFF.GENIND.197	stmt-dep	H	OPEN	blueprint	from:exact,to:exact	blueprint	source=blueprint | CHAP-H NODE H.02 SOURCE (transcription)
BP.H.03	BP.H.01	proof-dep	H	OPEN	blueprint	from:exact,to:exact	blueprint	source=blueprint | CHAP-H NODE H.03 DEPENDS
BP.H.03	BP.H.02	proof-dep	H	OPEN	blueprint	from:exact,to:exact	blueprint	source=blueprint | CHAP-H NODE H.03 DEPENDS
BP.H.03	EFF.GENHN.07	stmt-dep	H	OPEN	blueprint	from:exact,to:exact	blueprint	source=blueprint | CHAP-H NODE H.03 SOURCE (transcription)
BP.H.03	EFF.GENIND.11	stmt-dep	H	OPEN	blueprint	from:exact,to:exact	blueprint	source=blueprint | CHAP-H NODE H.03 SOURCE (transcription)
BP.H.03	EFF.GENIND.43	stmt-dep	H	OPEN	blueprint	from:exact,to:exact	blueprint	source=blueprint | CHAP-H NODE H.03 SOURCE (transcription)
BP.H.04	BP.H.03	proof-dep	H	OPEN	blueprint	from:exact,to:exact	blueprint	source=blueprint | CHAP-H NODE H.04 DEPENDS
BP.H.04	EFF.GENH4.06	stmt-dep	H	OPEN	blueprint	from:exact,to:exact	blueprint	source=blueprint | CHAP-H NODE H.04 SOURCE (transcription)
BP.H.04	EFF.GENHN.20	stmt-dep	H	OPEN	blueprint	from:exact,to:exact	blueprint	source=blueprint | CHAP-H NODE H.04 SOURCE (transcription)
BP.H.04	EFF.GENIND.11	stmt-dep	H	OPEN	blueprint	from:exact,to:exact	blueprint	source=blueprint | CHAP-H NODE H.04 SOURCE (transcription)
BP.H.04	EFF.GENIND.32	stmt-dep	H	OPEN	blueprint	from:exact,to:exact	blueprint	source=blueprint | CHAP-H NODE H.04 SOURCE (transcription)
BP.H.04	EFF.GENIND.43	stmt-dep	H	OPEN	blueprint	from:exact,to:exact	blueprint	source=blueprint | CHAP-H NODE H.04 SOURCE (transcription)
BP.H.05	BP.H.01	proof-dep	H	OPEN	blueprint	from:exact,to:exact	blueprint	source=blueprint | CHAP-H NODE H.05 DEPENDS
BP.H.05	EFF.GENHN.07	stmt-dep	H	OPEN	blueprint	from:exact,to:exact	blueprint	source=blueprint | CHAP-H NODE H.05 SOURCE (transcription)
BP.H.06	BP.H.01	proof-dep	H	OPEN	blueprint	from:exact,to:exact	blueprint	source=blueprint | CHAP-H NODE H.06 DEPENDS
BP.H.06	EFF.GENHN.07	stmt-dep	H	OPEN	blueprint	from:exact,to:exact	blueprint	source=blueprint | CHAP-H NODE H.06 SOURCE (transcription)
BP.H.07	BP.H.01	proof-dep	H	OPEN	blueprint	from:exact,to:exact	blueprint	source=blueprint | CHAP-H NODE H.07 DEPENDS
BP.H.07	EFF.GENHN.09	stmt-dep	H	OPEN	blueprint	from:exact,to:exact	blueprint	source=blueprint | CHAP-H NODE H.07 SOURCE (transcription)
BP.H.07	EFF.GENHN.28	stmt-dep	H	OPEN	blueprint	from:exact,to:exact	blueprint	source=blueprint | CHAP-H NODE H.07 SOURCE (transcription)
BP.H.08	BP.H.01	proof-dep	H	OPEN	blueprint	from:exact,to:exact	blueprint	source=blueprint | CHAP-H NODE H.08 DEPENDS
BP.H.08	BP.H.02	proof-dep	H	OPEN	blueprint	from:exact,to:exact	blueprint	source=blueprint | CHAP-H NODE H.08 DEPENDS
BP.H.08	EFF.GENHN.08	stmt-dep	H	OPEN	blueprint	from:exact,to:exact	blueprint	source=blueprint | CHAP-H NODE H.08 SOURCE (transcription)
BP.H.08	EFF.GENHN.09	stmt-dep	H	OPEN	blueprint	from:exact,to:exact	blueprint	source=blueprint | CHAP-H NODE H.08 SOURCE (transcription)
BP.H.09	BP.H.01	proof-dep	H	OPEN	blueprint	from:exact,to:exact	blueprint	source=blueprint | CHAP-H NODE H.09 DEPENDS
BP.H.09	BP.H.02	proof-dep	H	OPEN	blueprint	from:exact,to:exact	blueprint	source=blueprint | CHAP-H NODE H.09 DEPENDS
BP.H.09	BP.H.13	proof-dep	H	OPEN	blueprint	from:exact,to:exact	blueprint	source=blueprint | CHAP-H NODE H.09 DEPENDS
BP.H.09	EFF.GENHN.12	stmt-dep	H	OPEN	blueprint	from:exact,to:exact	blueprint	source=blueprint | CHAP-H NODE H.09 SOURCE (transcription)
BP.H.09	EFF.GENIND.170	stmt-dep	H	OPEN	blueprint	from:exact,to:exact	blueprint	source=blueprint | CHAP-H NODE H.09 SOURCE (transcription)
BP.H.09	EFF.GENIND.196	stmt-dep	H	OPEN	blueprint	from:exact,to:exact	blueprint	source=blueprint | CHAP-H NODE H.09 SOURCE (transcription)
BP.H.09	EFF.GENIND.197	stmt-dep	H	OPEN	blueprint	from:exact,to:exact	blueprint	source=blueprint | CHAP-H NODE H.09 SOURCE (transcription)
BP.H.09	EFF.GENIND.199	stmt-dep	H	OPEN	blueprint	from:exact,to:exact	blueprint	source=blueprint | CHAP-H NODE H.09 SOURCE (transcription)
BP.H.09	EFF.GENIND.63	stmt-dep	H	OPEN	blueprint	from:exact,to:exact	blueprint	source=blueprint | CHAP-H NODE H.09 SOURCE (transcription)
BP.H.09	EFF.GENIND.64	stmt-dep	H	OPEN	blueprint	from:exact,to:exact	blueprint	source=blueprint | CHAP-H NODE H.09 SOURCE (transcription)
BP.H.09	EFF.GENIND.65	stmt-dep	H	OPEN	blueprint	from:exact,to:exact	blueprint	source=blueprint | CHAP-H NODE H.09 SOURCE (transcription)
BP.H.09	EFF.GENIND.66	stmt-dep	H	OPEN	blueprint	from:exact,to:exact	blueprint	source=blueprint | CHAP-H NODE H.09 SOURCE (transcription)
BP.H.10	BP.H.01	proof-dep	H	OPEN	blueprint	from:exact,to:exact	blueprint	source=blueprint | CHAP-H NODE H.10 DEPENDS
BP.H.10	BP.H.02	proof-dep	H	OPEN	blueprint	from:exact,to:exact	blueprint	source=blueprint | CHAP-H NODE H.10 DEPENDS
BP.H.10	BP.H.07	proof-dep	H	OPEN	blueprint	from:exact,to:exact	blueprint	source=blueprint | CHAP-H NODE H.10 DEPENDS
BP.H.10	BP.H.08	proof-dep	H	OPEN	blueprint	from:exact,to:exact	blueprint	source=blueprint | CHAP-H NODE H.10 DEPENDS
BP.H.10	EFF.GENHN.09	stmt-dep	H	OPEN	blueprint	from:exact,to:exact	blueprint	source=blueprint | CHAP-H NODE H.10 SOURCE (transcription)
BP.H.10	EFF.GENHN.81	stmt-dep	H	OPEN	blueprint	from:exact,to:exact	blueprint	source=blueprint | CHAP-H NODE H.10 SOURCE (transcription)
BP.H.11	BP.H.01	proof-dep	H	OPEN	blueprint	from:exact,to:exact	blueprint	source=blueprint | CHAP-H NODE H.11 DEPENDS
BP.H.11	BP.H.07	proof-dep	H	OPEN	blueprint	from:exact,to:exact	blueprint	source=blueprint | CHAP-H NODE H.11 DEPENDS
BP.H.11	EFF.GENHN.09	stmt-dep	H	OPEN	blueprint	from:exact,to:exact	blueprint	source=blueprint | CHAP-H NODE H.11 SOURCE (transcription)
BP.H.12	BP.H.01	proof-dep	H	OPEN	blueprint	from:exact,to:exact	blueprint	source=blueprint | CHAP-H NODE H.12 DEPENDS
BP.H.12	BP.H.02	proof-dep	H	OPEN	blueprint	from:exact,to:exact	blueprint	source=blueprint | CHAP-H NODE H.12 DEPENDS
BP.H.12	BP.H.07	proof-dep	H	OPEN	blueprint	from:exact,to:exact	blueprint	source=blueprint | CHAP-H NODE H.12 DEPENDS
BP.H.12	EFF.GENHN.09	stmt-dep	H	OPEN	blueprint	from:exact,to:exact	blueprint	source=blueprint | CHAP-H NODE H.12 SOURCE (transcription)
BP.H.13	EFF.GENIND.07	stmt-dep	H	OPEN	blueprint	from:exact,to:exact	blueprint	source=blueprint | CHAP-H NODE H.13 SOURCE (transcription)
BP.H.14	BP.H.13	proof-dep	H	OPEN	blueprint	from:exact,to:exact	blueprint	source=blueprint | CHAP-H NODE H.14 DEPENDS
BP.H.14	EFF.GENIND.09	stmt-dep	H	OPEN	blueprint	from:exact,to:exact	blueprint	source=blueprint | CHAP-H NODE H.14 SOURCE (transcription)
BP.H.14	EFF.GENIND.22	stmt-dep	H	OPEN	blueprint	from:exact,to:exact	blueprint	source=blueprint | CHAP-H NODE H.14 SOURCE (transcription)
BP.H.14	EFF.GENIND.23	stmt-dep	H	OPEN	blueprint	from:exact,to:exact	blueprint	source=blueprint | CHAP-H NODE H.14 SOURCE (transcription)
BP.H.15	BP.H.13	proof-dep	H	OPEN	blueprint	from:exact,to:exact	blueprint	source=blueprint | CHAP-H NODE H.15 DEPENDS
BP.H.15	EFF.GENIND.17	stmt-dep	H	OPEN	blueprint	from:exact,to:exact	blueprint	source=blueprint | CHAP-H NODE H.15 SOURCE (transcription)
BP.H.15	EFF.GENIND.21	stmt-dep	H	OPEN	blueprint	from:exact,to:exact	blueprint	source=blueprint | CHAP-H NODE H.15 SOURCE (transcription)
BP.H.16	BP.H.13	proof-dep	H	OPEN	blueprint	from:exact,to:exact	blueprint	source=blueprint | CHAP-H NODE H.16 DEPENDS
BP.H.16	BP.H.14	proof-dep	H	OPEN	blueprint	from:exact,to:exact	blueprint	source=blueprint | CHAP-H NODE H.16 DEPENDS
BP.H.16	BP.H.15	proof-dep	H	OPEN	blueprint	from:exact,to:exact	blueprint	source=blueprint | CHAP-H NODE H.16 DEPENDS
BP.H.16	EFF.GENIND.17	stmt-dep	H	OPEN	blueprint	from:exact,to:exact	blueprint	source=blueprint | CHAP-H NODE H.16 SOURCE (transcription)
BP.H.16	EFF.GENIND.18	stmt-dep	H	OPEN	blueprint	from:exact,to:exact	blueprint	source=blueprint | CHAP-H NODE H.16 SOURCE (transcription)
BP.H.16	EFF.GENIND.99	stmt-dep	H	OPEN	blueprint	from:exact,to:exact	blueprint	source=blueprint | CHAP-H NODE H.16 SOURCE (transcription)
BP.H.17	BP.H.13	proof-dep	H	OPEN	blueprint	from:exact,to:exact	blueprint	source=blueprint | CHAP-H NODE H.17 DEPENDS
BP.H.17	BP.H.14	proof-dep	H	OPEN	blueprint	from:exact,to:exact	blueprint	source=blueprint | CHAP-H NODE H.17 DEPENDS
BP.H.17	BP.H.15	proof-dep	H	OPEN	blueprint	from:exact,to:exact	blueprint	source=blueprint | CHAP-H NODE H.17 DEPENDS
BP.H.17	EFF.GENIND.17	stmt-dep	H	OPEN	blueprint	from:exact,to:exact	blueprint	source=blueprint | CHAP-H NODE H.17 SOURCE (transcription)
BP.H.17	EFF.GENIND.18	stmt-dep	H	OPEN	blueprint	from:exact,to:exact	blueprint	source=blueprint | CHAP-H NODE H.17 SOURCE (transcription)
BP.H.17	EFF.GENIND.21	stmt-dep	H	OPEN	blueprint	from:exact,to:exact	blueprint	source=blueprint | CHAP-H NODE H.17 SOURCE (transcription)
BP.H.18	EFF.GENIND.22	stmt-dep	H	OPEN	blueprint	from:exact,to:exact	blueprint	source=blueprint | CHAP-H NODE H.18 SOURCE (transcription)
BP.H.19	BP.H.18	proof-dep	H	OPEN	blueprint	from:exact,to:exact	blueprint	source=blueprint | CHAP-H NODE H.19 DEPENDS
BP.H.19	EFF.GENIND.22	stmt-dep	H	OPEN	blueprint	from:exact,to:exact	blueprint	source=blueprint | CHAP-H NODE H.19 SOURCE (transcription)
BP.H.20	BP.H.18	proof-dep	H	OPEN	blueprint	from:exact,to:exact	blueprint	source=blueprint | CHAP-H NODE H.20 DEPENDS
BP.H.20	BP.H.19	proof-dep	H	OPEN	blueprint	from:exact,to:exact	blueprint	source=blueprint | CHAP-H NODE H.20 DEPENDS
BP.H.20	EFF.GENIND.09	stmt-dep	H	OPEN	blueprint	from:exact,to:exact	blueprint	source=blueprint | CHAP-H NODE H.20 SOURCE (transcription)
BP.H.20	EFF.GENIND.22	stmt-dep	H	OPEN	blueprint	from:exact,to:exact	blueprint	source=blueprint | CHAP-H NODE H.20 SOURCE (transcription)
BP.H.20	EFF.GENIND.64	stmt-dep	H	OPEN	blueprint	from:exact,to:exact	blueprint	source=blueprint | CHAP-H NODE H.20 SOURCE (transcription)
BP.H.21	BP.H.18	proof-dep	H	OPEN	blueprint	from:exact,to:exact	blueprint	source=blueprint | CHAP-H NODE H.21 DEPENDS
BP.H.21	BP.H.20	proof-dep	H	OPEN	blueprint	from:exact,to:exact	blueprint	source=blueprint | CHAP-H NODE H.21 DEPENDS
BP.H.21	EFF.GENHN.36	stmt-dep	H	OPEN	blueprint	from:exact,to:exact	blueprint	source=blueprint | CHAP-H NODE H.21 SOURCE (transcription)
BP.H.21	EFF.GENIND.64	stmt-dep	H	OPEN	blueprint	from:exact,to:exact	blueprint	source=blueprint | CHAP-H NODE H.21 SOURCE (transcription)
BP.H.22	EFF.GENIND.08	stmt-dep	H	OPEN	blueprint	from:exact,to:exact	blueprint	source=blueprint | CHAP-H NODE H.22 SOURCE (transcription)
BP.H.22	EFF.GENIND.150	stmt-dep	H	OPEN	blueprint	from:exact,to:exact	blueprint	source=blueprint | CHAP-H NODE H.22 SOURCE (transcription)
BP.H.22	EFF.GENIND.159	stmt-dep	H	OPEN	blueprint	from:exact,to:exact	blueprint	source=blueprint | CHAP-H NODE H.22 SOURCE (transcription)
BP.H.22	EFF.GENIND.160	stmt-dep	H	OPEN	blueprint	from:exact,to:exact	blueprint	source=blueprint | CHAP-H NODE H.22 SOURCE (transcription)
BP.H.22	EFF.GENIND.99	stmt-dep	H	OPEN	blueprint	from:exact,to:exact	blueprint	source=blueprint | CHAP-H NODE H.22 SOURCE (transcription)
BP.H.23	EFF.GENIND.150	stmt-dep	H	OPEN	blueprint	from:exact,to:exact	blueprint	source=blueprint | CHAP-H NODE H.23 SOURCE (transcription)
BP.H.23	EFF.GENIND.45	stmt-dep	H	OPEN	blueprint	from:exact,to:exact	blueprint	source=blueprint | CHAP-H NODE H.23 SOURCE (transcription)
BP.H.24	BP.H.23	proof-dep	H	OPEN	blueprint	from:exact,to:exact	blueprint	source=blueprint | CHAP-H NODE H.24 DEPENDS
BP.H.24	EFF.GENIND.150	stmt-dep	H	OPEN	blueprint	from:exact,to:exact	blueprint	source=blueprint | CHAP-H NODE H.24 SOURCE (transcription)
BP.H.24	EFF.GENIND.159	stmt-dep	H	OPEN	blueprint	from:exact,to:exact	blueprint	source=blueprint | CHAP-H NODE H.24 SOURCE (transcription)
BP.H.24	EFF.GENIND.160	stmt-dep	H	OPEN	blueprint	from:exact,to:exact	blueprint	source=blueprint | CHAP-H NODE H.24 SOURCE (transcription)
BP.H.25	BP.H.23	proof-dep	H	OPEN	blueprint	from:exact,to:exact	blueprint	source=blueprint | CHAP-H NODE H.25 DEPENDS
BP.H.25	BP.H.24	proof-dep	H	OPEN	blueprint	from:exact,to:exact	blueprint	source=blueprint | CHAP-H NODE H.25 DEPENDS
BP.H.25	EFF.GENIND.150	stmt-dep	H	OPEN	blueprint	from:exact,to:exact	blueprint	source=blueprint | CHAP-H NODE H.25 SOURCE (transcription)
BP.H.25	EFF.GENIND.21	stmt-dep	H	OPEN	blueprint	from:exact,to:exact	blueprint	source=blueprint | CHAP-H NODE H.25 SOURCE (transcription)
BP.H.26	BP.H.23	proof-dep	H	OPEN	blueprint	from:exact,to:exact	blueprint	source=blueprint | CHAP-H NODE H.26 DEPENDS
BP.H.26	BP.H.24	proof-dep	H	OPEN	blueprint	from:exact,to:exact	blueprint	source=blueprint | CHAP-H NODE H.26 DEPENDS
BP.H.26	BP.H.25	proof-dep	H	OPEN	blueprint	from:exact,to:exact	blueprint	source=blueprint | CHAP-H NODE H.26 DEPENDS
BP.H.26	BP.G.65	proof-dep	H	OPEN	blueprint	from:exact,to:exact	blueprint	source=blueprint | CHAP-H NODE H.26 DEPENDS chapter-G landed node
BP.H.26	EFF.GENIND.150	stmt-dep	H	OPEN	blueprint	from:exact,to:exact	blueprint	source=blueprint | CHAP-H NODE H.26 SOURCE (transcription)
BP.H.27	BP.H.24	proof-dep	H	OPEN	blueprint	from:exact,to:exact	blueprint	source=blueprint | CHAP-H NODE H.27 DEPENDS
BP.H.27	BP.H.26	proof-dep	H	OPEN	blueprint	from:exact,to:exact	blueprint	source=blueprint | CHAP-H NODE H.27 DEPENDS
BP.H.27	EFF.GENIND.150	stmt-dep	H	OPEN	blueprint	from:exact,to:exact	blueprint	source=blueprint | CHAP-H NODE H.27 SOURCE (transcription)
BP.H.28	BP.H.27	proof-dep	H	OPEN	blueprint	from:exact,to:exact	blueprint	source=blueprint | CHAP-H NODE H.28 DEPENDS
BP.H.28	EFF.GENIND.150	stmt-dep	H	OPEN	blueprint	from:exact,to:exact	blueprint	source=blueprint | CHAP-H NODE H.28 SOURCE (transcription)
BP.H.28	EFF.GENIND.151	stmt-dep	H	OPEN	blueprint	from:exact,to:exact	blueprint	source=blueprint | CHAP-H NODE H.28 SOURCE (transcription)
BP.H.28	EFF.GENIND.153	stmt-dep	H	OPEN	blueprint	from:exact,to:exact	blueprint	source=blueprint | CHAP-H NODE H.28 SOURCE (transcription)
BP.H.29	BP.H.23	proof-dep	H	OPEN	blueprint	from:exact,to:exact	blueprint	source=blueprint | CHAP-H NODE H.29 DEPENDS
BP.H.29	EFF.GENIND.150	stmt-dep	H	OPEN	blueprint	from:exact,to:exact	blueprint	source=blueprint | CHAP-H NODE H.29 SOURCE (transcription)
BP.H.30	EFF.GENIND.153	stmt-dep	H	OPEN	blueprint	from:exact,to:exact	blueprint	source=blueprint | CHAP-H NODE H.30 SOURCE (transcription)
BP.H.31	EFF.GENIND.189	stmt-dep	H	OPEN	blueprint	from:exact,to:exact	blueprint	source=blueprint | CHAP-H NODE H.31 SOURCE (transcription)
BP.H.31	EFF.GENIND.198	stmt-dep	H	OPEN	blueprint	from:exact,to:exact	blueprint	source=blueprint | CHAP-H NODE H.31 SOURCE (transcription)
BP.H.32	EFF.GENIND.189	stmt-dep	H	OPEN	blueprint	from:exact,to:exact	blueprint	source=blueprint | CHAP-H NODE H.32 SOURCE (transcription)
BP.H.32	EFF.GENIND.204	stmt-dep	H	OPEN	blueprint	from:exact,to:exact	blueprint	source=blueprint | CHAP-H NODE H.32 SOURCE (transcription)
BP.H.33	EFF.GENIND.189	stmt-dep	H	OPEN	blueprint	from:exact,to:exact	blueprint	source=blueprint | CHAP-H NODE H.33 SOURCE (transcription)
BP.H.33	EFF.GENIND.204	stmt-dep	H	OPEN	blueprint	from:exact,to:exact	blueprint	source=blueprint | CHAP-H NODE H.33 SOURCE (transcription)
BP.H.34	EFF.GENIND.152	stmt-dep	H	OPEN	blueprint	from:exact,to:exact	blueprint	source=blueprint | CHAP-H NODE H.34 SOURCE (transcription)
BP.H.35	EFF.GENIND.153	stmt-dep	H	OPEN	blueprint	from:exact,to:exact	blueprint	source=blueprint | CHAP-H NODE H.35 SOURCE (transcription)
BP.H.36	EFF.GENIND.152	stmt-dep	H	OPEN	blueprint	from:exact,to:exact	blueprint	source=blueprint | CHAP-H NODE H.36 SOURCE (transcription)
BP.H.36	EFF.GENIND.33	stmt-dep	H	OPEN	blueprint	from:exact,to:exact	blueprint	source=blueprint | CHAP-H NODE H.36 SOURCE (transcription)
BP.H.37	EFF.GENH4.06	stmt-dep	H	OPEN	blueprint	from:exact,to:exact	blueprint	source=blueprint | CHAP-H NODE H.37 SOURCE (transcription)
BP.H.37	EFF.GENIND.152	stmt-dep	H	OPEN	blueprint	from:exact,to:exact	blueprint	source=blueprint | CHAP-H NODE H.37 SOURCE (transcription)
BP.H.37	EFF.GENIND.162	stmt-dep	H	OPEN	blueprint	from:exact,to:exact	blueprint	source=blueprint | CHAP-H NODE H.37 SOURCE (transcription)
BP.H.38	EFF.GENIND.48	stmt-dep	H	OPEN	blueprint	from:exact,to:exact	blueprint	source=blueprint | CHAP-H NODE H.38 SOURCE (transcription)
BP.H.38	EFF.GENIND.99	stmt-dep	H	OPEN	blueprint	from:exact,to:exact	blueprint	source=blueprint | CHAP-H NODE H.38 SOURCE (transcription)
BP.H.39	EFF.GENIND.50	stmt-dep	H	OPEN	blueprint	from:exact,to:exact	blueprint	source=blueprint | CHAP-H NODE H.39 SOURCE (transcription)
BP.H.39	EFF.GENIND.68	stmt-dep	H	OPEN	blueprint	from:exact,to:exact	blueprint	source=blueprint | CHAP-H NODE H.39 SOURCE (transcription)
BP.H.40	EFF.GENH4.06	stmt-dep	H	OPEN	blueprint	from:exact,to:exact	blueprint	source=blueprint | CHAP-H NODE H.40 SOURCE (transcription)
BP.H.40	EFF.GENIND.162	stmt-dep	H	OPEN	blueprint	from:exact,to:exact	blueprint	source=blueprint | CHAP-H NODE H.40 SOURCE (transcription)
BP.H.40	EFF.GENIND.163	stmt-dep	H	OPEN	blueprint	from:exact,to:exact	blueprint	source=blueprint | CHAP-H NODE H.40 SOURCE (transcription)
BP.H.40	EFF.GENIND.47	stmt-dep	H	OPEN	blueprint	from:exact,to:exact	blueprint	source=blueprint | CHAP-H NODE H.40 SOURCE (transcription)
BP.H.40	EFF.GENIND.49	stmt-dep	H	OPEN	blueprint	from:exact,to:exact	blueprint	source=blueprint | CHAP-H NODE H.40 SOURCE (transcription)
BP.H.40	EFF.GENIND.99	stmt-dep	H	OPEN	blueprint	from:exact,to:exact	blueprint	source=blueprint | CHAP-H NODE H.40 SOURCE (transcription)
BP.H.41	BP.H.38	proof-dep	H	OPEN	blueprint	from:exact,to:exact	blueprint	source=blueprint | CHAP-H NODE H.41 DEPENDS
BP.H.41	BP.H.40	proof-dep	H	OPEN	blueprint	from:exact,to:exact	blueprint	source=blueprint | CHAP-H NODE H.41 DEPENDS
BP.H.41	EFF.GENIND.163	stmt-dep	H	OPEN	blueprint	from:exact,to:exact	blueprint	source=blueprint | CHAP-H NODE H.41 SOURCE (transcription)
BP.H.41	EFF.GENIND.99	stmt-dep	H	OPEN	blueprint	from:exact,to:exact	blueprint	source=blueprint | CHAP-H NODE H.41 SOURCE (transcription)
BP.H.42	BP.H.38	proof-dep	H	OPEN	blueprint	from:exact,to:exact	blueprint	source=blueprint | CHAP-H NODE H.42 DEPENDS
BP.H.42	BP.H.39	proof-dep	H	OPEN	blueprint	from:exact,to:exact	blueprint	source=blueprint | CHAP-H NODE H.42 DEPENDS
BP.H.42	EFF.GENIND.50	stmt-dep	H	OPEN	blueprint	from:exact,to:exact	blueprint	source=blueprint | CHAP-H NODE H.42 SOURCE (transcription)
BP.H.42	EFF.GENIND.99	stmt-dep	H	OPEN	blueprint	from:exact,to:exact	blueprint	source=blueprint | CHAP-H NODE H.42 SOURCE (transcription)
BP.H.43	EFF.GENIND.51	stmt-dep	H	OPEN	blueprint	from:exact,to:exact	blueprint	source=blueprint | CHAP-H NODE H.43 SOURCE (transcription)
BP.H.44	EFF.GENH4.07	stmt-dep	H	OPEN	blueprint	from:exact,to:exact	blueprint	source=blueprint | CHAP-H NODE H.44 SOURCE (transcription)
BP.H.44	EFF.GENH4.25	stmt-dep	H	OPEN	blueprint	from:exact,to:exact	blueprint	source=blueprint | CHAP-H NODE H.44 SOURCE (transcription)
BP.H.44	EFF.GENHN.32	stmt-dep	H	OPEN	blueprint	from:exact,to:exact	blueprint	source=blueprint | CHAP-H NODE H.44 SOURCE (transcription)
BP.H.44	EFF.GENHN.79	stmt-dep	H	OPEN	blueprint	from:exact,to:exact	blueprint	source=blueprint | CHAP-H NODE H.44 SOURCE (transcription)
BP.H.45	EFF.GENH4.07	stmt-dep	H	OPEN	blueprint	from:exact,to:exact	blueprint	source=blueprint | CHAP-H NODE H.45 SOURCE (transcription)
BP.H.45	EFF.GENIND.47	stmt-dep	H	OPEN	blueprint	from:exact,to:exact	blueprint	source=blueprint | CHAP-H NODE H.45 SOURCE (transcription)
BP.H.46	EFF.GENH4.10	stmt-dep	H	OPEN	blueprint	from:exact,to:exact	blueprint	source=blueprint | CHAP-H NODE H.46 SOURCE (transcription)
BP.H.46	EFF.GENH4.17	stmt-dep	H	OPEN	blueprint	from:exact,to:exact	blueprint	source=blueprint | CHAP-H NODE H.46 SOURCE (transcription)
BP.H.47	EFF.GENH4.10	stmt-dep	H	OPEN	blueprint	from:exact,to:exact	blueprint	source=blueprint | CHAP-H NODE H.47 SOURCE (transcription)
BP.H.48	EFF.GENH4.10	stmt-dep	H	OPEN	blueprint	from:exact,to:exact	blueprint	source=blueprint | CHAP-H NODE H.48 SOURCE (transcription)
BP.H.48	EFF.GENIND.14	stmt-dep	H	OPEN	blueprint	from:exact,to:exact	blueprint	source=blueprint | CHAP-H NODE H.48 SOURCE (transcription)
BP.H.49	EFF.GENIND.32	stmt-dep	H	OPEN	blueprint	from:exact,to:exact	blueprint	source=blueprint | CHAP-H NODE H.49 SOURCE (transcription)
BP.H.49	EFF.GENIND.33	stmt-dep	H	OPEN	blueprint	from:exact,to:exact	blueprint	source=blueprint | CHAP-H NODE H.49 SOURCE (transcription)
BP.H.50	BP.H.03	proof-dep	H	OPEN	blueprint	from:exact,to:exact	blueprint	source=blueprint | CHAP-H NODE H.50 DEPENDS
BP.H.50	EFF.GENHN.16	stmt-dep	H	OPEN	blueprint	from:exact,to:exact	blueprint	source=blueprint | CHAP-H NODE H.50 SOURCE (transcription)
BP.H.50	EFF.GENHN.18	stmt-dep	H	OPEN	blueprint	from:exact,to:exact	blueprint	source=blueprint | CHAP-H NODE H.50 SOURCE (transcription)
BP.H.50	EFF.GENHN.27	stmt-dep	H	OPEN	blueprint	from:exact,to:exact	blueprint	source=blueprint | CHAP-H NODE H.50 SOURCE (transcription)
BP.H.51	EFF.GENHN.27	stmt-dep	H	OPEN	blueprint	from:exact,to:exact	blueprint	source=blueprint | CHAP-H NODE H.51 SOURCE (transcription)
BP.H.51	EFF.GENHN.29	stmt-dep	H	OPEN	blueprint	from:exact,to:exact	blueprint	source=blueprint | CHAP-H NODE H.51 SOURCE (transcription)
BP.H.52	BP.H.51	proof-dep	H	OPEN	blueprint	from:exact,to:exact	blueprint	source=blueprint | CHAP-H NODE H.52 DEPENDS
BP.H.52	EFF.GENH4.17	stmt-dep	H	OPEN	blueprint	from:exact,to:exact	blueprint	source=blueprint | CHAP-H NODE H.52 SOURCE (transcription)
BP.H.52	EFF.GENH4.19	stmt-dep	H	OPEN	blueprint	from:exact,to:exact	blueprint	source=blueprint | CHAP-H NODE H.52 SOURCE (transcription)
BP.H.52	EFF.GENHN.27	stmt-dep	H	OPEN	blueprint	from:exact,to:exact	blueprint	source=blueprint | CHAP-H NODE H.52 SOURCE (transcription)
BP.H.53	EFF.GENH4.19	stmt-dep	H	OPEN	blueprint	from:exact,to:exact	blueprint	source=blueprint | CHAP-H NODE H.53 SOURCE (transcription)
BP.H.53	EFF.GENHN.27	stmt-dep	H	OPEN	blueprint	from:exact,to:exact	blueprint	source=blueprint | CHAP-H NODE H.53 SOURCE (transcription)
BP.H.53	EFF.GENHN.32	stmt-dep	H	OPEN	blueprint	from:exact,to:exact	blueprint	source=blueprint | CHAP-H NODE H.53 SOURCE (transcription)
BP.H.53	EFF.GENHN.81	stmt-dep	H	OPEN	blueprint	from:exact,to:exact	blueprint	source=blueprint | CHAP-H NODE H.53 SOURCE (transcription)
BP.H.54	BP.H.01	proof-dep	H	OPEN	blueprint	from:exact,to:exact	blueprint	source=blueprint | CHAP-H NODE H.54 DEPENDS
BP.H.54	BP.H.02	proof-dep	H	OPEN	blueprint	from:exact,to:exact	blueprint	source=blueprint | CHAP-H NODE H.54 DEPENDS
BP.H.54	BP.H.10	proof-dep	H	OPEN	blueprint	from:exact,to:exact	blueprint	source=blueprint | CHAP-H NODE H.54 DEPENDS
BP.H.54	EFF.GENHN.81	stmt-dep	H	OPEN	blueprint	from:exact,to:exact	blueprint	source=blueprint | CHAP-H NODE H.54 SOURCE (transcription)
BP.H.55	BP.H.01	proof-dep	H	OPEN	blueprint	from:exact,to:exact	blueprint	source=blueprint | CHAP-H NODE H.55 DEPENDS
BP.H.55	BP.H.02	proof-dep	H	OPEN	blueprint	from:exact,to:exact	blueprint	source=blueprint | CHAP-H NODE H.55 DEPENDS
BP.H.55	BP.H.54	proof-dep	H	OPEN	blueprint	from:exact,to:exact	blueprint	source=blueprint | CHAP-H NODE H.55 DEPENDS
BP.H.55	EFF.GENHN.32	stmt-dep	H	OPEN	blueprint	from:exact,to:exact	blueprint	source=blueprint | CHAP-H NODE H.55 SOURCE (transcription)
BP.H.55	EFF.GENHN.81	stmt-dep	H	OPEN	blueprint	from:exact,to:exact	blueprint	source=blueprint | CHAP-H NODE H.55 SOURCE (transcription)
BP.H.56	BP.H.54	proof-dep	H	OPEN	blueprint	from:exact,to:exact	blueprint	source=blueprint | CHAP-H NODE H.56 DEPENDS
BP.H.56	BP.H.55	proof-dep	H	OPEN	blueprint	from:exact,to:exact	blueprint	source=blueprint | CHAP-H NODE H.56 DEPENDS
BP.H.56	EFF.GENHN.81	stmt-dep	H	OPEN	blueprint	from:exact,to:exact	blueprint	source=blueprint | CHAP-H NODE H.56 SOURCE (transcription)
BP.H.57	BP.H.51	proof-dep	H	OPEN	blueprint	from:exact,to:exact	blueprint	source=blueprint | CHAP-H NODE H.57 DEPENDS
BP.H.57	EFF.GENHN.28	stmt-dep	H	OPEN	blueprint	from:exact,to:exact	blueprint	source=blueprint | CHAP-H NODE H.57 SOURCE (transcription)
BP.H.57	EFF.GENHN.42	stmt-dep	H	OPEN	blueprint	from:exact,to:exact	blueprint	source=blueprint | CHAP-H NODE H.57 SOURCE (transcription)
BP.H.57	EFF.GENHN.81	stmt-dep	H	OPEN	blueprint	from:exact,to:exact	blueprint	source=blueprint | CHAP-H NODE H.57 SOURCE (transcription)
BP.H.58	EFF.GENHN.43	stmt-dep	H	OPEN	blueprint	from:exact,to:exact	blueprint	source=blueprint | CHAP-H NODE H.58 SOURCE (transcription)
BP.H.59	EFF.GENIND.156	stmt-dep	H	OPEN	blueprint	from:exact,to:exact	blueprint	source=blueprint | CHAP-H NODE H.59 SOURCE (transcription)
BP.H.60	BP.H.59	proof-dep	H	OPEN	blueprint	from:exact,to:exact	blueprint	source=blueprint | CHAP-H NODE H.60 DEPENDS
BP.H.60	EFF.GENIND.155	stmt-dep	H	OPEN	blueprint	from:exact,to:exact	blueprint	source=blueprint | CHAP-H NODE H.60 SOURCE (transcription)
BP.H.60	EFF.GENIND.156	stmt-dep	H	OPEN	blueprint	from:exact,to:exact	blueprint	source=blueprint | CHAP-H NODE H.60 SOURCE (transcription)
BP.H.60	EFF.GENIND.157	stmt-dep	H	OPEN	blueprint	from:exact,to:exact	blueprint	source=blueprint | CHAP-H NODE H.60 SOURCE (transcription)
BP.H.61	BP.H.59	proof-dep	H	OPEN	blueprint	from:exact,to:exact	blueprint	source=blueprint | CHAP-H NODE H.61 DEPENDS
BP.H.61	BP.H.60	proof-dep	H	OPEN	blueprint	from:exact,to:exact	blueprint	source=blueprint | CHAP-H NODE H.61 DEPENDS
BP.H.61	EFF.GENH4.09	stmt-dep	H	OPEN	blueprint	from:exact,to:exact	blueprint	source=blueprint | CHAP-H NODE H.61 SOURCE (transcription)
BP.H.61	EFF.GENH4.23	stmt-dep	H	OPEN	blueprint	from:exact,to:exact	blueprint	source=blueprint | CHAP-H NODE H.61 SOURCE (transcription)
BP.H.61	EFF.GENIND.156	stmt-dep	H	OPEN	blueprint	from:exact,to:exact	blueprint	source=blueprint | CHAP-H NODE H.61 SOURCE (transcription)
BP.H.62	BP.H.59	proof-dep	H	OPEN	blueprint	from:exact,to:exact	blueprint	source=blueprint | CHAP-H NODE H.62 DEPENDS
BP.H.62	EFF.GENIND.149	stmt-dep	H	OPEN	blueprint	from:exact,to:exact	blueprint	source=blueprint | CHAP-H NODE H.62 SOURCE (transcription)
BP.H.62	EFF.GENIND.155	stmt-dep	H	OPEN	blueprint	from:exact,to:exact	blueprint	source=blueprint | CHAP-H NODE H.62 SOURCE (transcription)
BP.H.62	EFF.GENIND.156	stmt-dep	H	OPEN	blueprint	from:exact,to:exact	blueprint	source=blueprint | CHAP-H NODE H.62 SOURCE (transcription)
BP.H.62	EFF.GENIND.157	stmt-dep	H	OPEN	blueprint	from:exact,to:exact	blueprint	source=blueprint | CHAP-H NODE H.62 SOURCE (transcription)
BP.H.62	EFF.GENIND.170	stmt-dep	H	OPEN	blueprint	from:exact,to:exact	blueprint	source=blueprint | CHAP-H NODE H.62 SOURCE (transcription)
BP.H.63	EFF.GENIND.152	stmt-dep	H	OPEN	blueprint	from:exact,to:exact	blueprint	source=blueprint | CHAP-H NODE H.63 SOURCE (transcription)
BP.H.63	EFF.GENIND.170	stmt-dep	H	OPEN	blueprint	from:exact,to:exact	blueprint	source=blueprint | CHAP-H NODE H.63 SOURCE (transcription)
BP.H.64	EFF.GENIND.14	stmt-dep	H	OPEN	blueprint	from:exact,to:exact	blueprint	source=blueprint | CHAP-H NODE H.64 SOURCE (transcription)
BP.H.64	EFF.GENIND.168	stmt-dep	H	OPEN	blueprint	from:exact,to:exact	blueprint	source=blueprint | CHAP-H NODE H.64 SOURCE (transcription)
BP.H.64	EFF.GENIND.25	stmt-dep	H	OPEN	blueprint	from:exact,to:exact	blueprint	source=blueprint | CHAP-H NODE H.64 SOURCE (transcription)
BP.H.65	EFF.GENIND.151	stmt-dep	H	OPEN	blueprint	from:exact,to:exact	blueprint	source=blueprint | CHAP-H NODE H.65 SOURCE (transcription)
BP.H.65	EFF.GENIND.170	stmt-dep	H	OPEN	blueprint	from:exact,to:exact	blueprint	source=blueprint | CHAP-H NODE H.65 SOURCE (transcription)
BP.H.66	BP.H.65	proof-dep	H	OPEN	blueprint	from:exact,to:exact	blueprint	source=blueprint | CHAP-H NODE H.66 DEPENDS
BP.H.66	EFF.GENIND.152	stmt-dep	H	OPEN	blueprint	from:exact,to:exact	blueprint	source=blueprint | CHAP-H NODE H.66 SOURCE (transcription)
BP.H.66	EFF.GENIND.153	stmt-dep	H	OPEN	blueprint	from:exact,to:exact	blueprint	source=blueprint | CHAP-H NODE H.66 SOURCE (transcription)
BP.H.67	BP.H.34	proof-dep	H	OPEN	blueprint	from:exact,to:exact	blueprint	source=blueprint | CHAP-H NODE H.67 DEPENDS
BP.H.67	BP.H.36	proof-dep	H	OPEN	blueprint	from:exact,to:exact	blueprint	source=blueprint | CHAP-H NODE H.67 DEPENDS
BP.H.67	BP.H.65	proof-dep	H	OPEN	blueprint	from:exact,to:exact	blueprint	source=blueprint | CHAP-H NODE H.67 DEPENDS
BP.H.67	BP.H.66	proof-dep	H	OPEN	blueprint	from:exact,to:exact	blueprint	source=blueprint | CHAP-H NODE H.67 DEPENDS
BP.H.67	EFF.GENIND.152	stmt-dep	H	OPEN	blueprint	from:exact,to:exact	blueprint	source=blueprint | CHAP-H NODE H.67 SOURCE (transcription)
BP.H.68	BP.H.36	proof-dep	H	OPEN	blueprint	from:exact,to:exact	blueprint	source=blueprint | CHAP-H NODE H.68 DEPENDS
BP.H.68	BP.H.66	proof-dep	H	OPEN	blueprint	from:exact,to:exact	blueprint	source=blueprint | CHAP-H NODE H.68 DEPENDS
BP.H.68	EFF.GENIND.149	stmt-dep	H	OPEN	blueprint	from:exact,to:exact	blueprint	source=blueprint | CHAP-H NODE H.68 SOURCE (transcription)
BP.H.68	EFF.GENIND.152	stmt-dep	H	OPEN	blueprint	from:exact,to:exact	blueprint	source=blueprint | CHAP-H NODE H.68 SOURCE (transcription)
BP.H.69	BP.H.37	proof-dep	H	OPEN	blueprint	from:exact,to:exact	blueprint	source=blueprint | CHAP-H NODE H.69 DEPENDS
BP.H.69	BP.H.66	proof-dep	H	OPEN	blueprint	from:exact,to:exact	blueprint	source=blueprint | CHAP-H NODE H.69 DEPENDS
BP.H.69	BP.H.67	proof-dep	H	OPEN	blueprint	from:exact,to:exact	blueprint	source=blueprint | CHAP-H NODE H.69 DEPENDS
BP.H.69	BP.H.68	proof-dep	H	OPEN	blueprint	from:exact,to:exact	blueprint	source=blueprint | CHAP-H NODE H.69 DEPENDS
BP.H.69	EFF.GENIND.152	stmt-dep	H	OPEN	blueprint	from:exact,to:exact	blueprint	source=blueprint | CHAP-H NODE H.69 SOURCE (transcription)
BP.H.70	EFF.GENIND.201	stmt-dep	H	OPEN	blueprint	from:exact,to:exact	blueprint	source=blueprint | CHAP-H NODE H.70 SOURCE (transcription)
BP.H.71	BP.H.22	proof-dep	H	OPEN	blueprint	from:exact,to:exact	blueprint	source=blueprint | CHAP-H NODE H.71 DEPENDS [added: A-H.2]
BP.H.71	BP.H.30	proof-dep	H	OPEN	blueprint	from:exact,to:exact	blueprint	source=blueprint | CHAP-H NODE H.71 DEPENDS
BP.H.71	BP.H.35	proof-dep	H	OPEN	blueprint	from:exact,to:exact	blueprint	source=blueprint | CHAP-H NODE H.71 DEPENDS
BP.H.71	BP.H.65	proof-dep	H	OPEN	blueprint	from:exact,to:exact	blueprint	source=blueprint | CHAP-H NODE H.71 DEPENDS
BP.H.71	BP.H.66	proof-dep	H	OPEN	blueprint	from:exact,to:exact	blueprint	source=blueprint | CHAP-H NODE H.71 DEPENDS
BP.H.71	BP.H.69	proof-dep	H	OPEN	blueprint	from:exact,to:exact	blueprint	source=blueprint | CHAP-H NODE H.71 DEPENDS
BP.H.71	BP.H.70	proof-dep	H	OPEN	blueprint	from:exact,to:exact	blueprint	source=blueprint | CHAP-H NODE H.71 DEPENDS
BP.H.71	EFF.GENIND.153	stmt-dep	H	OPEN	blueprint	from:exact,to:exact	blueprint	source=blueprint | CHAP-H NODE H.71 SOURCE (transcription)
BP.H.72	BP.H.01	proof-dep	H	OPEN	blueprint	from:exact,to:exact	blueprint	source=blueprint | CHAP-H NODE H.72 DEPENDS
BP.H.72	BP.H.02	proof-dep	H	OPEN	blueprint	from:exact,to:exact	blueprint	source=blueprint | CHAP-H NODE H.72 DEPENDS
BP.H.72	BP.H.09	proof-dep	H	OPEN	blueprint	from:exact,to:exact	blueprint	source=blueprint | CHAP-H NODE H.72 DEPENDS
BP.H.72	BP.H.32	proof-dep	H	OPEN	blueprint	from:exact,to:exact	blueprint	source=blueprint | CHAP-H NODE H.72 DEPENDS
BP.H.72	BP.H.33	proof-dep	H	OPEN	blueprint	from:exact,to:exact	blueprint	source=blueprint | CHAP-H NODE H.72 DEPENDS
BP.H.72	BP.H.34	proof-dep	H	OPEN	blueprint	from:exact,to:exact	blueprint	source=blueprint | CHAP-H NODE H.72 DEPENDS
BP.H.72	EFF.GENIND.197	stmt-dep	H	OPEN	blueprint	from:exact,to:exact	blueprint	source=blueprint | CHAP-H NODE H.72 SOURCE (transcription)
BP.H.72	EFF.GENIND.198	stmt-dep	H	OPEN	blueprint	from:exact,to:exact	blueprint	source=blueprint | CHAP-H NODE H.72 SOURCE (transcription)
BP.H.72	EFF.GENIND.204	stmt-dep	H	OPEN	blueprint	from:exact,to:exact	blueprint	source=blueprint | CHAP-H NODE H.72 SOURCE (transcription)
BP.H.73	BP.H.01	proof-dep	H	OPEN	blueprint	from:exact,to:exact	blueprint	source=blueprint | CHAP-H NODE H.73 DEPENDS
BP.H.73	EFF.GENHN.15	stmt-dep	H	OPEN	blueprint	from:exact,to:exact	blueprint	source=blueprint | CHAP-H NODE H.73 SOURCE (transcription)
BP.H.73	EFF.GENHN.38	stmt-dep	H	OPEN	blueprint	from:exact,to:exact	blueprint	source=blueprint | CHAP-H NODE H.73 SOURCE (transcription)
BP.H.74	BP.H.01	proof-dep	H	OPEN	blueprint	from:exact,to:exact	blueprint	source=blueprint | CHAP-H NODE H.74 DEPENDS
BP.H.74	BP.H.02	proof-dep	H	OPEN	blueprint	from:exact,to:exact	blueprint	source=blueprint | CHAP-H NODE H.74 DEPENDS
BP.H.74	BP.H.73	proof-dep	H	OPEN	blueprint	from:exact,to:exact	blueprint	source=blueprint | CHAP-H NODE H.74 DEPENDS
BP.H.74	EFF.GENH4.11	stmt-dep	H	OPEN	blueprint	from:exact,to:exact	blueprint	source=blueprint | CHAP-H NODE H.74 SOURCE (transcription)
BP.H.74	EFF.GENHN.15	stmt-dep	H	OPEN	blueprint	from:exact,to:exact	blueprint	source=blueprint | CHAP-H NODE H.74 SOURCE (transcription)
BP.H.75	BP.H.06	proof-dep	H	OPEN	blueprint	from:exact,to:exact	blueprint	source=blueprint | CHAP-H NODE H.75 DEPENDS
BP.H.75	BP.H.11	proof-dep	H	OPEN	blueprint	from:exact,to:exact	blueprint	source=blueprint | CHAP-H NODE H.75 DEPENDS
BP.H.75	BP.H.12	proof-dep	H	OPEN	blueprint	from:exact,to:exact	blueprint	source=blueprint | CHAP-H NODE H.75 DEPENDS
BP.H.75	BP.H.73	proof-dep	H	OPEN	blueprint	from:exact,to:exact	blueprint	source=blueprint | CHAP-H NODE H.75 DEPENDS
BP.H.75	BP.H.74	proof-dep	H	OPEN	blueprint	from:exact,to:exact	blueprint	source=blueprint | CHAP-H NODE H.75 DEPENDS
BP.H.75	EFF.GENH4.11	stmt-dep	H	OPEN	blueprint	from:exact,to:exact	blueprint	source=blueprint | CHAP-H NODE H.75 SOURCE (transcription)
BP.H.75	EFF.GENHN.15	stmt-dep	H	OPEN	blueprint	from:exact,to:exact	blueprint	source=blueprint | CHAP-H NODE H.75 SOURCE (transcription)
BP.H.76	lean:efPair_pos_of_mem	stmt-dep	H	OPEN	blueprint	from:exact,to:exact	blueprint	source=blueprint | CHAP-H NODE H.76 DEPENDS landed API
BP.H.76	EFF.GENHN.15	stmt-dep	H	OPEN	blueprint	from:exact,to:exact	blueprint	source=blueprint | CHAP-H NODE H.76 SOURCE (transcription)
BP.H.76	EFF.GENHN.21	stmt-dep	H	OPEN	blueprint	from:exact,to:exact	blueprint	source=blueprint | CHAP-H NODE H.76 SOURCE (transcription)
BP.H.76	EFF.GENHN.38	stmt-dep	H	OPEN	blueprint	from:exact,to:exact	blueprint	source=blueprint | CHAP-H NODE H.76 SOURCE (transcription)
BP.H.76	EFF.GENHN.42	stmt-dep	H	OPEN	blueprint	from:exact,to:exact	blueprint	source=blueprint | CHAP-H NODE H.76 SOURCE (transcription)
BP.H.77	EFF.GENHN.38	stmt-dep	H	OPEN	blueprint	from:exact,to:exact	blueprint	source=blueprint | CHAP-H NODE H.77 SOURCE (transcription)
BP.H.78	BP.H.01	proof-dep	H	OPEN	blueprint	from:exact,to:exact	blueprint	source=blueprint | CHAP-H NODE H.78 DEPENDS
BP.H.78	BP.H.73	proof-dep	H	OPEN	blueprint	from:exact,to:exact	blueprint	source=blueprint | CHAP-H NODE H.78 DEPENDS
BP.H.78	EFF.GENHN.17	stmt-dep	H	OPEN	blueprint	from:exact,to:exact	blueprint	source=blueprint | CHAP-H NODE H.78 SOURCE (transcription)
BP.H.78	EFF.GENHN.44	stmt-dep	H	OPEN	blueprint	from:exact,to:exact	blueprint	source=blueprint | CHAP-H NODE H.78 SOURCE (transcription)
BP.H.79	BP.H.01	proof-dep	H	OPEN	blueprint	from:exact,to:exact	blueprint	source=blueprint | CHAP-H NODE H.79 DEPENDS
BP.H.79	BP.H.02	proof-dep	H	OPEN	blueprint	from:exact,to:exact	blueprint	source=blueprint | CHAP-H NODE H.79 DEPENDS
BP.H.79	BP.H.78	proof-dep	H	OPEN	blueprint	from:exact,to:exact	blueprint	source=blueprint | CHAP-H NODE H.79 DEPENDS
BP.H.79	EFF.GENHN.05	stmt-dep	H	OPEN	blueprint	from:exact,to:exact	blueprint	source=blueprint | CHAP-H NODE H.79 SOURCE (transcription)
BP.H.79	EFF.GENHN.42	stmt-dep	H	OPEN	blueprint	from:exact,to:exact	blueprint	source=blueprint | CHAP-H NODE H.79 SOURCE (transcription)
BP.H.79	EFF.GENHN.44	stmt-dep	H	OPEN	blueprint	from:exact,to:exact	blueprint	source=blueprint | CHAP-H NODE H.79 SOURCE (transcription)
BP.H.79	EFF.GENHN.47	stmt-dep	H	OPEN	blueprint	from:exact,to:exact	blueprint	source=blueprint | CHAP-H NODE H.79 SOURCE (transcription)
BP.H.80	EFF.GENIND.68	stmt-dep	H	OPEN	blueprint	from:exact,to:exact	blueprint	source=blueprint | CHAP-H NODE H.80 SOURCE (transcription)
BP.H.81	BP.H.80	proof-dep	H	OPEN	blueprint	from:exact,to:exact	blueprint	source=blueprint | CHAP-H NODE H.81 DEPENDS
BP.H.81	EFF.GENH4.15	stmt-dep	H	OPEN	blueprint	from:exact,to:exact	blueprint	source=blueprint | CHAP-H NODE H.81 SOURCE (transcription)
BP.H.82	BP.H.39	proof-dep	H	OPEN	blueprint	from:exact,to:exact	blueprint	source=blueprint | CHAP-H NODE H.82 DEPENDS
BP.H.82	EFF.GENIND.68	stmt-dep	H	OPEN	blueprint	from:exact,to:exact	blueprint	source=blueprint | CHAP-H NODE H.82 SOURCE (transcription)
BP.H.83	EFF.GENH4.06	stmt-dep	H	OPEN	blueprint	from:exact,to:exact	blueprint	source=blueprint | CHAP-H NODE H.83 SOURCE (transcription)
BP.H.83	EFF.GENH4.15	stmt-dep	H	OPEN	blueprint	from:exact,to:exact	blueprint	source=blueprint | CHAP-H NODE H.83 SOURCE (transcription)
BP.H.84	BP.H.82	proof-dep	H	OPEN	blueprint	from:exact,to:exact	blueprint	source=blueprint | CHAP-H NODE H.84 DEPENDS
BP.H.84	BP.H.83	proof-dep	H	OPEN	blueprint	from:exact,to:exact	blueprint	source=blueprint | CHAP-H NODE H.84 DEPENDS
BP.H.84	EFF.GENH4.15	stmt-dep	H	OPEN	blueprint	from:exact,to:exact	blueprint	source=blueprint | CHAP-H NODE H.84 SOURCE (transcription)
BP.H.84	EFF.GENIND.68	stmt-dep	H	OPEN	blueprint	from:exact,to:exact	blueprint	source=blueprint | CHAP-H NODE H.84 SOURCE (transcription)
BP.H.84	EFF.GENIND.70	stmt-dep	H	OPEN	blueprint	from:exact,to:exact	blueprint	source=blueprint | CHAP-H NODE H.84 SOURCE (transcription)
BP.H.85	BP.H.52	proof-dep	H	OPEN	blueprint	from:exact,to:exact	blueprint	source=blueprint | CHAP-H NODE H.85 DEPENDS
BP.H.85	EFF.GENH4.05	stmt-dep	H	OPEN	blueprint	from:exact,to:exact	blueprint	source=blueprint | CHAP-H NODE H.85 SOURCE (transcription)
BP.H.85	EFF.GENH4.19	stmt-dep	H	OPEN	blueprint	from:exact,to:exact	blueprint	source=blueprint | CHAP-H NODE H.85 SOURCE (transcription)
BP.H.85	EFF.GENIND.68	stmt-dep	H	OPEN	blueprint	from:exact,to:exact	blueprint	source=blueprint | CHAP-H NODE H.85 SOURCE (transcription)
BP.H.86	EFF.GENH4.23	stmt-dep	H	OPEN	blueprint	from:exact,to:exact	blueprint	source=blueprint | CHAP-H NODE H.86 SOURCE (transcription)
BP.H.87	EFF.GENH4.05	stmt-dep	H	OPEN	blueprint	from:exact,to:exact	blueprint	source=blueprint | CHAP-H NODE H.87 SOURCE (transcription)
BP.H.87	EFF.GENH4.20	stmt-dep	H	OPEN	blueprint	from:exact,to:exact	blueprint	source=blueprint | CHAP-H NODE H.87 SOURCE (transcription)
BP.H.87	EFF.GENH4.23	stmt-dep	H	OPEN	blueprint	from:exact,to:exact	blueprint	source=blueprint | CHAP-H NODE H.87 SOURCE (transcription)
BP.H.87	EFF.GENHN.28	stmt-dep	H	OPEN	blueprint	from:exact,to:exact	blueprint	source=blueprint | CHAP-H NODE H.87 SOURCE (transcription)
BP.H.87	EFF.GENHN.55	stmt-dep	H	OPEN	blueprint	from:exact,to:exact	blueprint	source=blueprint | CHAP-H NODE H.87 SOURCE (transcription)
BP.H.88	EFF.GENH4.18	stmt-dep	H	OPEN	blueprint	from:exact,to:exact	blueprint	source=blueprint | CHAP-H NODE H.88 SOURCE (transcription)
BP.H.89	BP.H.46	proof-dep	H	OPEN	blueprint	from:exact,to:exact	blueprint	source=blueprint | CHAP-H NODE H.89 DEPENDS
BP.H.89	EFF.GENH4.21	stmt-dep	H	OPEN	blueprint	from:exact,to:exact	blueprint	source=blueprint | CHAP-H NODE H.89 SOURCE (transcription)
BP.H.89	EFF.GENHN.79	stmt-dep	H	OPEN	blueprint	from:exact,to:exact	blueprint	source=blueprint | CHAP-H NODE H.89 SOURCE (transcription)
BP.H.89	EFF.GENIND.72	stmt-dep	H	OPEN	blueprint	from:exact,to:exact	blueprint	source=blueprint | CHAP-H NODE H.89 SOURCE (transcription)
BP.H.90	BP.H.46	proof-dep	H	OPEN	blueprint	from:exact,to:exact	blueprint	source=blueprint | CHAP-H NODE H.90 DEPENDS
BP.H.90	EFF.GENH4.24	stmt-dep	H	OPEN	blueprint	from:exact,to:exact	blueprint	source=blueprint | CHAP-H NODE H.90 SOURCE (transcription)
BP.H.91	BP.H.45	proof-dep	H	OPEN	blueprint	from:exact,to:exact	blueprint	source=blueprint | CHAP-H NODE H.91 DEPENDS
BP.H.91	EFF.GENH4.25	stmt-dep	H	OPEN	blueprint	from:exact,to:exact	blueprint	source=blueprint | CHAP-H NODE H.91 SOURCE (transcription)
BP.H.92	BP.H.45	proof-dep	H	OPEN	blueprint	from:exact,to:exact	blueprint	source=blueprint | CHAP-H NODE H.92 DEPENDS
BP.H.92	EFF.GENH4.12	stmt-dep	H	OPEN	blueprint	from:exact,to:exact	blueprint	source=blueprint | CHAP-H NODE H.92 SOURCE (transcription)
BP.H.92	EFF.GENH4.26	stmt-dep	H	OPEN	blueprint	from:exact,to:exact	blueprint	source=blueprint | CHAP-H NODE H.92 SOURCE (transcription)
BP.H.93	EFF.GENIND.30	stmt-dep	H	OPEN	blueprint	from:exact,to:exact	blueprint	source=blueprint | CHAP-H NODE H.93 SOURCE (transcription)
BP.H.93	EFF.GENIND.60	stmt-dep	H	OPEN	blueprint	from:exact,to:exact	blueprint	source=blueprint | CHAP-H NODE H.93 SOURCE (transcription)
BP.H.94	BP.H.93	proof-dep	H	OPEN	blueprint	from:exact,to:exact	blueprint	source=blueprint | CHAP-H NODE H.94 DEPENDS
BP.H.94	lean:FactorizationType.degree_mk_add	stmt-dep	H	OPEN	blueprint	from:exact,to:exact	blueprint	source=blueprint | CHAP-H NODE H.94 DEPENDS landed API
BP.H.94	EFF.GENIND.30	stmt-dep	H	OPEN	blueprint	from:exact,to:exact	blueprint	source=blueprint | CHAP-H NODE H.94 SOURCE (transcription)
BP.H.95	BP.H.65	proof-dep	H	OPEN	blueprint	from:exact,to:exact	blueprint	source=blueprint | CHAP-H NODE H.95 DEPENDS
BP.H.95	EFF.GENIND.13	stmt-dep	H	OPEN	blueprint	from:exact,to:exact	blueprint	source=blueprint | CHAP-H NODE H.95 SOURCE (transcription)
BP.H.95	EFF.GENIND.151	stmt-dep	H	OPEN	blueprint	from:exact,to:exact	blueprint	source=blueprint | CHAP-H NODE H.95 SOURCE (transcription)
BP.H.95	EFF.GENIND.170	stmt-dep	H	OPEN	blueprint	from:exact,to:exact	blueprint	source=blueprint | CHAP-H NODE H.95 SOURCE (transcription)
BP.H.95	EFF.GENIND.65	stmt-dep	H	OPEN	blueprint	from:exact,to:exact	blueprint	source=blueprint | CHAP-H NODE H.95 SOURCE (transcription)
BP.H.96	BP.H.65	proof-dep	H	OPEN	blueprint	from:exact,to:exact	blueprint	source=blueprint | CHAP-H NODE H.96 DEPENDS
BP.H.96	BP.H.95	proof-dep	H	OPEN	blueprint	from:exact,to:exact	blueprint	source=blueprint | CHAP-H NODE H.96 DEPENDS
BP.H.96	BP.G.36	proof-dep	H	OPEN	blueprint	from:exact,to:exact	blueprint	source=blueprint | CHAP-H NODE H.96 DEPENDS chapter-G landed node
BP.H.96	BP.G.37	proof-dep	H	OPEN	blueprint	from:exact,to:exact	blueprint	source=blueprint | CHAP-H NODE H.96 DEPENDS chapter-G landed node
BP.H.96	EFF.GENIND.15	stmt-dep	H	OPEN	blueprint	from:exact,to:exact	blueprint	source=blueprint | CHAP-H NODE H.96 SOURCE (transcription)
BP.H.96	EFF.GENIND.153	stmt-dep	H	OPEN	blueprint	from:exact,to:exact	blueprint	source=blueprint | CHAP-H NODE H.96 SOURCE (transcription)
BP.H.97	BP.H.65	proof-dep	H	OPEN	blueprint	from:exact,to:exact	blueprint	source=blueprint | CHAP-H NODE H.97 DEPENDS
BP.H.97	BP.H.95	proof-dep	H	OPEN	blueprint	from:exact,to:exact	blueprint	source=blueprint | CHAP-H NODE H.97 DEPENDS
BP.H.97	BP.G.54	proof-dep	H	OPEN	blueprint	from:exact,to:exact	blueprint	source=blueprint | CHAP-H NODE H.97 DEPENDS chapter-G landed node
BP.H.97	BP.G.69	proof-dep	H	OPEN	blueprint	from:exact,to:exact	blueprint	source=blueprint | CHAP-H NODE H.97 DEPENDS chapter-G landed node
BP.H.97	BP.G.70	proof-dep	H	OPEN	blueprint	from:exact,to:exact	blueprint	source=blueprint | CHAP-H NODE H.97 DEPENDS chapter-G landed node
BP.H.97	BP.G.71	proof-dep	H	OPEN	blueprint	from:exact,to:exact	blueprint	source=blueprint | CHAP-H NODE H.97 DEPENDS chapter-G landed node
BP.H.97	BP.G.76	proof-dep	H	OPEN	blueprint	from:exact,to:exact	blueprint	source=blueprint | CHAP-H NODE H.97 DEPENDS chapter-G landed node
BP.H.97	EFF.GENIND.149	stmt-dep	H	OPEN	blueprint	from:exact,to:exact	blueprint	source=blueprint | CHAP-H NODE H.97 SOURCE (transcription)
BP.H.97	EFF.GENIND.15	stmt-dep	H	OPEN	blueprint	from:exact,to:exact	blueprint	source=blueprint | CHAP-H NODE H.97 SOURCE (transcription)
BP.H.97	EFF.GENIND.151	stmt-dep	H	OPEN	blueprint	from:exact,to:exact	blueprint	source=blueprint | CHAP-H NODE H.97 SOURCE (transcription)
BP.H.98	BP.H.65	proof-dep	H	OPEN	blueprint	from:exact,to:exact	blueprint	source=blueprint | CHAP-H NODE H.98 DEPENDS
BP.H.98	BP.H.95	proof-dep	H	OPEN	blueprint	from:exact,to:exact	blueprint	source=blueprint | CHAP-H NODE H.98 DEPENDS
BP.H.98	BP.H.96	proof-dep	H	OPEN	blueprint	from:exact,to:exact	blueprint	source=blueprint | CHAP-H NODE H.98 DEPENDS
BP.H.98	lean:UniformityStatement	stmt-dep	H	OPEN	blueprint	from:exact,to:exact	blueprint	source=blueprint | CHAP-H NODE H.98 DEPENDS landed API
BP.H.98	lean:UniformityStatementDecided	stmt-dep	H	OPEN	blueprint	from:exact,to:exact	blueprint	source=blueprint | CHAP-H NODE H.98 DEPENDS landed API
BP.H.98	EFF.GENIND.15	stmt-dep	H	OPEN	blueprint	from:exact,to:exact	blueprint	source=blueprint | CHAP-H NODE H.98 SOURCE (transcription)
BP.H.98	EFF.GENIND.176	stmt-dep	H	OPEN	blueprint	from:exact,to:exact	blueprint	source=blueprint | CHAP-H NODE H.98 SOURCE (transcription)
BP.H.98	EFF.GENIND.60	stmt-dep	H	OPEN	blueprint	from:exact,to:exact	blueprint	source=blueprint | CHAP-H NODE H.98 SOURCE (transcription)
CAP:UniformityStatement	BP.H.98	stmt-dep	H	OPEN	blueprint	from:exact,to:exact	blueprint	source=blueprint | CHAP-H structural: the capstone is assembled at H.98 (GENIND.B Step 5 + W-12.D)
BP.H.72	HYP.36	stmt-dep	H	OPEN	blueprint	from:exact,to:exact	blueprint	source=blueprint | CHAP-H structural: H.72 CONSUMES (CS-1Q) as StageInterface fields; HYP.36 CARRY
BP.H.09	HYP.36	stmt-dep	H	OPEN	blueprint	from:exact,to:exact	blueprint	source=blueprint | CHAP-H structural: (CS-1Q.a)/(CS-1Q.b) are hwin/hprice fields of StageInterface
BP.H.95	HYP.81	stmt-dep	H	OPEN	blueprint	from:exact,to:exact	blueprint	source=blueprint | CHAP-H structural: P(n) at n>=6 rides [GENHN-HE(mu>=3)] (honesty H-5(1))
BP.H.95	HYP.82	stmt-dep	H	OPEN	blueprint	from:exact,to:exact	blueprint	source=blueprint | CHAP-H structural: P(n) at n>=8 rides [GENHN-TOW-1] (honesty H-5(2)/H-7)
BP.H.87	HYP.148	stmt-dep	H	OPEN	blueprint	from:exact,to:exact	blueprint	source=blueprint | CHAP-H structural: H.87 is the ELEMENTARY mu=2 carry; GENHN-BOX-2 at mu>=3 has NO node
BP.H.97	HYP.137	stmt-dep	H	OPEN	blueprint	from:exact,to:exact	blueprint	source=blueprint | CHAP-H structural: the n=3 rate is the CONSERVATIVE object; HEX3-BOX-1 stays a NON-NODE
BP.H.76	HYP.121	stmt-dep	H	OPEN	blueprint	from:exact,to:exact	blueprint	source=blueprint | CHAP-H structural: the (T1)/(T2) divisibilities are hypotheses; GENIND-1 all-O unaudited
BP.H.100	EFF.GENIND.54	stmt-dep	H	OPEN	blueprint	from:exact,to:exact	blueprint	source=blueprint | CHAP-H sec17 NODE H.100 SOURCE (transcription)
BP.H.101	EFF.GENIND.54	stmt-dep	H	OPEN	blueprint	from:exact,to:exact	blueprint	source=blueprint | CHAP-H sec17 NODE H.101 SOURCE (transcription)
BP.H.102	BP.H.100	proof-dep	H	OPEN	blueprint	from:exact,to:exact	blueprint	source=blueprint | CHAP-H sec17 NODE H.102 DEPENDS
BP.H.102	BP.H.101	proof-dep	H	OPEN	blueprint	from:exact,to:exact	blueprint	source=blueprint | CHAP-H sec17 NODE H.102 DEPENDS
BP.H.102	EFF.GENIND.54	stmt-dep	H	OPEN	blueprint	from:exact,to:exact	blueprint	source=blueprint | CHAP-H sec17 NODE H.102 SOURCE (transcription)
BP.H.103	BP.H.100	proof-dep	H	OPEN	blueprint	from:exact,to:exact	blueprint	source=blueprint | CHAP-H sec17 NODE H.103 DEPENDS
BP.H.103	BP.H.101	proof-dep	H	OPEN	blueprint	from:exact,to:exact	blueprint	source=blueprint | CHAP-H sec17 NODE H.103 DEPENDS
BP.H.103	BP.H.102	proof-dep	H	OPEN	blueprint	from:exact,to:exact	blueprint	source=blueprint | CHAP-H sec17 NODE H.103 DEPENDS
BP.H.103	EFF.GENIND.54	stmt-dep	H	OPEN	blueprint	from:exact,to:exact	blueprint	source=blueprint | CHAP-H sec17 NODE H.103 SOURCE (transcription)
BP.H.104	BP.H.102	proof-dep	H	OPEN	blueprint	from:exact,to:exact	blueprint	source=blueprint | CHAP-H sec17 NODE H.104 DEPENDS
BP.H.104	BP.H.103	proof-dep	H	OPEN	blueprint	from:exact,to:exact	blueprint	source=blueprint | CHAP-H sec17 NODE H.104 DEPENDS
BP.H.104	EFF.GENIND.54	stmt-dep	H	OPEN	blueprint	from:exact,to:exact	blueprint	source=blueprint | CHAP-H sec17 NODE H.104 SOURCE (transcription)
BP.H.105	BP.H.102	proof-dep	H	OPEN	blueprint	from:exact,to:exact	blueprint	source=blueprint | CHAP-H sec17 NODE H.105 DEPENDS
BP.H.105	BP.H.104	proof-dep	H	OPEN	blueprint	from:exact,to:exact	blueprint	source=blueprint | CHAP-H sec17 NODE H.105 DEPENDS
BP.H.105	EFF.GENIND.54	stmt-dep	H	OPEN	blueprint	from:exact,to:exact	blueprint	source=blueprint | CHAP-H sec17 NODE H.105 SOURCE (transcription)
BP.H.106	EFF.GENIND.07	stmt-dep	H	OPEN	blueprint	from:exact,to:exact	blueprint	source=blueprint | CHAP-H sec17 NODE H.106 SOURCE (transcription)
BP.H.107	EFF.GENIND.07	stmt-dep	H	OPEN	blueprint	from:exact,to:exact	blueprint	source=blueprint | CHAP-H sec17 NODE H.107 SOURCE (transcription)
BP.H.108	BP.H.106	proof-dep	H	OPEN	blueprint	from:exact,to:exact	blueprint	source=blueprint | CHAP-H sec17 NODE H.108 DEPENDS
BP.H.108	BP.H.107	proof-dep	H	OPEN	blueprint	from:exact,to:exact	blueprint	source=blueprint | CHAP-H sec17 NODE H.108 DEPENDS
BP.H.108	EFF.GENIND.24	stmt-dep	H	OPEN	blueprint	from:exact,to:exact	blueprint	source=blueprint | CHAP-H sec17 NODE H.108 SOURCE (transcription)
BP.H.109	BP.H.106	proof-dep	H	OPEN	blueprint	from:exact,to:exact	blueprint	source=blueprint | CHAP-H sec17 NODE H.109 DEPENDS
BP.H.109	BP.H.107	proof-dep	H	OPEN	blueprint	from:exact,to:exact	blueprint	source=blueprint | CHAP-H sec17 NODE H.109 DEPENDS
BP.H.109	BP.H.108	proof-dep	H	OPEN	blueprint	from:exact,to:exact	blueprint	source=blueprint | CHAP-H sec17 NODE H.109 DEPENDS
BP.H.109	EFF.GENIND.08	stmt-dep	H	OPEN	blueprint	from:exact,to:exact	blueprint	source=blueprint | CHAP-H sec17 NODE H.109 SOURCE (transcription)
BP.H.110	BP.H.106	proof-dep	H	OPEN	blueprint	from:exact,to:exact	blueprint	source=blueprint | CHAP-H sec17 NODE H.110 DEPENDS
BP.H.110	BP.H.108	proof-dep	H	OPEN	blueprint	from:exact,to:exact	blueprint	source=blueprint | CHAP-H sec17 NODE H.110 DEPENDS
BP.H.110	EFF.GENIND.08	stmt-dep	H	OPEN	blueprint	from:exact,to:exact	blueprint	source=blueprint | CHAP-H sec17 NODE H.110 SOURCE (transcription)
BP.H.111	BP.H.108	proof-dep	H	OPEN	blueprint	from:exact,to:exact	blueprint	source=blueprint | CHAP-H sec17 NODE H.111 DEPENDS
BP.H.111	BP.H.109	proof-dep	H	OPEN	blueprint	from:exact,to:exact	blueprint	source=blueprint | CHAP-H sec17 NODE H.111 DEPENDS
BP.H.111	BP.H.110	proof-dep	H	OPEN	blueprint	from:exact,to:exact	blueprint	source=blueprint | CHAP-H sec17 NODE H.111 DEPENDS
BP.H.111	EFF.GENIND.08	stmt-dep	H	OPEN	blueprint	from:exact,to:exact	blueprint	source=blueprint | CHAP-H sec17 NODE H.111 SOURCE (transcription)
BP.H.112	BP.H.107	proof-dep	H	OPEN	blueprint	from:exact,to:exact	blueprint	source=blueprint | CHAP-H sec17 NODE H.112 DEPENDS
BP.H.112	BP.H.109	proof-dep	H	OPEN	blueprint	from:exact,to:exact	blueprint	source=blueprint | CHAP-H sec17 NODE H.112 DEPENDS
BP.H.112	BP.H.111	proof-dep	H	OPEN	blueprint	from:exact,to:exact	blueprint	source=blueprint | CHAP-H sec17 NODE H.112 DEPENDS
BP.H.112	EFF.GENIND.08	stmt-dep	H	OPEN	blueprint	from:exact,to:exact	blueprint	source=blueprint | CHAP-H sec17 NODE H.112 SOURCE (transcription)
BP.H.112	EFF.GENIND.09	stmt-dep	H	OPEN	blueprint	from:exact,to:exact	blueprint	source=blueprint | CHAP-H sec17 NODE H.112 SOURCE (transcription)
BP.H.113	BP.H.106	proof-dep	H	OPEN	blueprint	from:exact,to:exact	blueprint	source=blueprint | CHAP-H sec17 NODE H.113 DEPENDS
BP.H.113	BP.H.108	proof-dep	H	OPEN	blueprint	from:exact,to:exact	blueprint	source=blueprint | CHAP-H sec17 NODE H.113 DEPENDS
BP.H.113	EFF.GENIND.08	stmt-dep	H	OPEN	blueprint	from:exact,to:exact	blueprint	source=blueprint | CHAP-H sec17 NODE H.113 SOURCE (transcription)
BP.H.114	BP.H.13	proof-dep	H	OPEN	blueprint	from:exact,to:exact	blueprint	source=blueprint | CHAP-H sec17 NODE H.114 DEPENDS
BP.H.114	BP.H.109	proof-dep	H	OPEN	blueprint	from:exact,to:exact	blueprint	source=blueprint | CHAP-H sec17 NODE H.114 DEPENDS
BP.H.114	BP.H.111	proof-dep	H	OPEN	blueprint	from:exact,to:exact	blueprint	source=blueprint | CHAP-H sec17 NODE H.114 DEPENDS
BP.H.114	BP.H.112	proof-dep	H	OPEN	blueprint	from:exact,to:exact	blueprint	source=blueprint | CHAP-H sec17 NODE H.114 DEPENDS
BP.H.114	EFF.GENIND.08	stmt-dep	H	OPEN	blueprint	from:exact,to:exact	blueprint	source=blueprint | CHAP-H sec17 NODE H.114 SOURCE (transcription)
BP.H.115	BP.H.100	proof-dep	H	OPEN	blueprint	from:exact,to:exact	blueprint	source=blueprint | CHAP-H sec17 NODE H.115 DEPENDS (added: AMENDMENT A-H.5 -- classSect inverts H.100's proj_surjective')
BP.H.115	BP.H.109	proof-dep	H	OPEN	blueprint	from:exact,to:exact	blueprint	source=blueprint | CHAP-H sec17 NODE H.115 DEPENDS
BP.H.115	BP.H.111	proof-dep	H	OPEN	blueprint	from:exact,to:exact	blueprint	source=blueprint | CHAP-H sec17 NODE H.115 DEPENDS
BP.H.115	BP.H.112	proof-dep	H	OPEN	blueprint	from:exact,to:exact	blueprint	source=blueprint | CHAP-H sec17 NODE H.115 DEPENDS
BP.H.115	BP.H.13	proof-dep	H	OPEN	blueprint	from:exact,to:exact	blueprint	source=blueprint | CHAP-H sec17 NODE H.115 DEPENDS
BP.H.115	BP.H.16	proof-dep	H	OPEN	blueprint	from:exact,to:exact	blueprint	source=blueprint | CHAP-H sec17 NODE H.115 DEPENDS
BP.H.115	BP.H.17	proof-dep	H	OPEN	blueprint	from:exact,to:exact	blueprint	source=blueprint | CHAP-H sec17 NODE H.115 DEPENDS
BP.H.115	BP.H.60	proof-dep	H	OPEN	blueprint	from:exact,to:exact	blueprint	source=blueprint | CHAP-H sec17 NODE H.115 DEPENDS
BP.H.115	EFF.GENIND.18	stmt-dep	H	OPEN	blueprint	from:exact,to:exact	blueprint	source=blueprint | CHAP-H sec17 NODE H.115 SOURCE (transcription)
BP.H.115	EFF.GENIND.21	stmt-dep	H	OPEN	blueprint	from:exact,to:exact	blueprint	source=blueprint | CHAP-H sec17 NODE H.115 SOURCE (transcription)
BP.H.116	BP.H.102	proof-dep	H	OPEN	blueprint	from:exact,to:exact	blueprint	source=blueprint | CHAP-H sec17 NODE H.116 DEPENDS
BP.H.116	BP.H.108	proof-dep	H	OPEN	blueprint	from:exact,to:exact	blueprint	source=blueprint | CHAP-H sec17 NODE H.116 DEPENDS
BP.H.116	BP.H.109	proof-dep	H	OPEN	blueprint	from:exact,to:exact	blueprint	source=blueprint | CHAP-H sec17 NODE H.116 DEPENDS
BP.H.116	BP.H.111	proof-dep	H	OPEN	blueprint	from:exact,to:exact	blueprint	source=blueprint | CHAP-H sec17 NODE H.116 DEPENDS
BP.H.116	BP.H.112	proof-dep	H	OPEN	blueprint	from:exact,to:exact	blueprint	source=blueprint | CHAP-H sec17 NODE H.116 DEPENDS
BP.H.116	BP.H.115	stmt-dep	H	OPEN	blueprint	from:exact,to:exact	blueprint	source=blueprint | CHAP-H sec17 NODE H.116 DEPENDS (added: AMENDMENT A-H.5 -- the A-H.5 s1 canonical lift pair resSect/classSect/recFrame lands in H.115's file and is named in H.116's re-signed clause (i))
BP.H.116	BP.H.60	proof-dep	H	OPEN	blueprint	from:exact,to:exact	blueprint	source=blueprint | CHAP-H sec17 NODE H.116 DEPENDS
BP.H.116	EFF.GENIND.10	stmt-dep	H	OPEN	blueprint	from:exact,to:exact	blueprint	source=blueprint | CHAP-H sec17 NODE H.116 SOURCE (transcription)
BP.H.116	EFF.GENIND.24	stmt-dep	H	OPEN	blueprint	from:exact,to:exact	blueprint	source=blueprint | CHAP-H sec17 NODE H.116 SOURCE (transcription)
BP.H.117	BP.H.110	proof-dep	H	OPEN	blueprint	from:exact,to:exact	blueprint	source=blueprint | CHAP-H sec17 NODE H.117 DEPENDS
BP.H.117	BP.H.03	proof-dep	H	OPEN	blueprint	from:exact,to:exact	blueprint	source=blueprint | CHAP-H sec17 NODE H.117 DEPENDS
BP.H.117	BP.H.04	proof-dep	H	OPEN	blueprint	from:exact,to:exact	blueprint	source=blueprint | CHAP-H sec17 NODE H.117 DEPENDS
BP.H.117	EFF.GENIND.11	stmt-dep	H	OPEN	blueprint	from:exact,to:exact	blueprint	source=blueprint | CHAP-H sec17 NODE H.117 SOURCE (transcription)
BP.H.117	EFF.GENIND.43	stmt-dep	H	OPEN	blueprint	from:exact,to:exact	blueprint	source=blueprint | CHAP-H sec17 NODE H.117 SOURCE (transcription)
BP.H.118	BP.H.108	proof-dep	H	OPEN	blueprint	from:exact,to:exact	blueprint	source=blueprint | CHAP-H sec17 NODE H.118 DEPENDS
BP.H.118	BP.H.110	proof-dep	H	OPEN	blueprint	from:exact,to:exact	blueprint	source=blueprint | CHAP-H sec17 NODE H.118 DEPENDS
BP.H.118	BP.H.111	proof-dep	H	OPEN	blueprint	from:exact,to:exact	blueprint	source=blueprint | CHAP-H sec17 NODE H.118 DEPENDS
BP.H.118	BP.H.115	proof-dep	H	OPEN	blueprint	from:exact,to:exact	blueprint	source=blueprint | CHAP-H sec17 NODE H.118 DEPENDS
BP.H.118	BP.H.116	proof-dep	H	OPEN	blueprint	from:exact,to:exact	blueprint	source=blueprint | CHAP-H sec17 NODE H.118 DEPENDS
BP.H.118	EFF.GENIND.08	stmt-dep	H	OPEN	blueprint	from:exact,to:exact	blueprint	source=blueprint | CHAP-H sec17 NODE H.118 SOURCE (transcription)
BP.H.118	EFF.GENIND.202	stmt-dep	H	OPEN	blueprint	from:exact,to:exact	blueprint	source=blueprint | CHAP-H sec17 NODE H.118 SOURCE (transcription)
BP.H.119	BP.H.106	proof-dep	H	OPEN	blueprint	from:exact,to:exact	blueprint	source=blueprint | CHAP-H sec17 NODE H.119 DEPENDS
BP.H.119	BP.H.118	proof-dep	H	OPEN	blueprint	from:exact,to:exact	blueprint	source=blueprint | CHAP-H sec17 NODE H.119 DEPENDS
BP.H.119	EFF.GENIND.45	stmt-dep	H	OPEN	blueprint	from:exact,to:exact	blueprint	source=blueprint | CHAP-H sec17 NODE H.119 SOURCE (transcription)
BP.H.119	EFF.GENIND.160	stmt-dep	H	OPEN	blueprint	from:exact,to:exact	blueprint	source=blueprint | CHAP-H sec17 NODE H.119 SOURCE (transcription)
BP.H.120	BP.H.118	proof-dep	H	OPEN	blueprint	from:exact,to:exact	blueprint	source=blueprint | CHAP-H sec17 NODE H.120 DEPENDS
BP.H.120	BP.H.119	proof-dep	H	OPEN	blueprint	from:exact,to:exact	blueprint	source=blueprint | CHAP-H sec17 NODE H.120 DEPENDS
BP.H.120	BP.H.70	proof-dep	H	OPEN	blueprint	from:exact,to:exact	blueprint	source=blueprint | CHAP-H sec17 NODE H.120 DEPENDS
BP.H.120	EFF.GENIND.201	stmt-dep	H	OPEN	blueprint	from:exact,to:exact	blueprint	source=blueprint | CHAP-H sec17 NODE H.120 SOURCE (transcription)
BP.H.121	BP.H.113	proof-dep	H	OPEN	blueprint	from:exact,to:exact	blueprint	source=blueprint | CHAP-H sec17 NODE H.121 DEPENDS
BP.H.121	BP.H.114	proof-dep	H	OPEN	blueprint	from:exact,to:exact	blueprint	source=blueprint | CHAP-H sec17 NODE H.121 DEPENDS
BP.H.121	BP.H.115	proof-dep	H	OPEN	blueprint	from:exact,to:exact	blueprint	source=blueprint | CHAP-H sec17 NODE H.121 DEPENDS
BP.H.121	BP.H.116	proof-dep	H	OPEN	blueprint	from:exact,to:exact	blueprint	source=blueprint | CHAP-H sec17 NODE H.121 DEPENDS
BP.H.121	BP.H.117	proof-dep	H	OPEN	blueprint	from:exact,to:exact	blueprint	source=blueprint | CHAP-H sec17 NODE H.121 DEPENDS
BP.H.121	BP.H.119	proof-dep	H	OPEN	blueprint	from:exact,to:exact	blueprint	source=blueprint | CHAP-H sec17 NODE H.121 DEPENDS
BP.H.121	BP.H.63	proof-dep	H	OPEN	blueprint	from:exact,to:exact	blueprint	source=blueprint | CHAP-H sec17 NODE H.121 DEPENDS
BP.H.121	BP.H.67	proof-dep	H	OPEN	blueprint	from:exact,to:exact	blueprint	source=blueprint | CHAP-H sec17 NODE H.121 DEPENDS
BP.H.121	BP.H.68	proof-dep	H	OPEN	blueprint	from:exact,to:exact	blueprint	source=blueprint | CHAP-H sec17 NODE H.121 DEPENDS
BP.H.121	EFF.GENIND.45	stmt-dep	H	OPEN	blueprint	from:exact,to:exact	blueprint	source=blueprint | CHAP-H sec17 NODE H.121 SOURCE (transcription)
BP.H.121	EFF.GENIND.152	stmt-dep	H	OPEN	blueprint	from:exact,to:exact	blueprint	source=blueprint | CHAP-H sec17 NODE H.121 SOURCE (transcription)
BP.H.121	EFF.GENIND.153	stmt-dep	H	OPEN	blueprint	from:exact,to:exact	blueprint	source=blueprint | CHAP-H sec17 NODE H.121 SOURCE (transcription)
BP.H.122	BP.H.119	proof-dep	H	OPEN	blueprint	from:exact,to:exact	blueprint	source=blueprint | CHAP-H sec17 NODE H.122 DEPENDS
BP.H.122	BP.H.120	proof-dep	H	OPEN	blueprint	from:exact,to:exact	blueprint	source=blueprint | CHAP-H sec17 NODE H.122 DEPENDS
BP.H.122	BP.H.121	proof-dep	H	OPEN	blueprint	from:exact,to:exact	blueprint	source=blueprint | CHAP-H sec17 NODE H.122 DEPENDS
BP.H.122	BP.H.30	proof-dep	H	OPEN	blueprint	from:exact,to:exact	blueprint	source=blueprint | CHAP-H sec17 NODE H.122 DEPENDS
BP.H.122	BP.H.65	proof-dep	H	OPEN	blueprint	from:exact,to:exact	blueprint	source=blueprint | CHAP-H sec17 NODE H.122 DEPENDS
BP.H.122	BP.H.66	proof-dep	H	OPEN	blueprint	from:exact,to:exact	blueprint	source=blueprint | CHAP-H sec17 NODE H.122 DEPENDS
BP.H.122	BP.H.71	proof-dep	H	OPEN	blueprint	from:exact,to:exact	blueprint	source=blueprint | CHAP-H sec17 NODE H.122 DEPENDS
BP.H.122	EFF.GENIND.150	stmt-dep	H	OPEN	blueprint	from:exact,to:exact	blueprint	source=blueprint | CHAP-H sec17 NODE H.122 SOURCE (transcription)
BP.H.122	EFF.GENIND.153	stmt-dep	H	OPEN	blueprint	from:exact,to:exact	blueprint	source=blueprint | CHAP-H sec17 NODE H.122 SOURCE (transcription)
BP.H.123	BP.H.100	proof-dep	H	OPEN	blueprint	from:exact,to:exact	blueprint	source=blueprint | CHAP-H sec17 NODE H.123 DEPENDS
BP.H.123	BP.H.118	proof-dep	H	OPEN	blueprint	from:exact,to:exact	blueprint	source=blueprint | CHAP-H sec17 NODE H.123 DEPENDS
BP.H.123	BP.H.119	proof-dep	H	OPEN	blueprint	from:exact,to:exact	blueprint	source=blueprint | CHAP-H sec17 NODE H.123 DEPENDS
BP.H.123	BP.B.42	proof-dep	H	OPEN	blueprint	from:exact,to:exact	blueprint	source=blueprint | CHAP-H sec17 NODE H.123 DEPENDS
BP.H.123	BP.B.48	proof-dep	H	OPEN	blueprint	from:exact,to:exact	blueprint	source=blueprint | CHAP-H sec17 NODE H.123 DEPENDS
BP.H.123	BP.B.58	proof-dep	H	OPEN	blueprint	from:exact,to:exact	blueprint	source=blueprint | CHAP-H sec17 NODE H.123 DEPENDS
BP.H.123	BP.B.63	proof-dep	H	OPEN	blueprint	from:exact,to:exact	blueprint	source=blueprint | CHAP-H sec17 NODE H.123 DEPENDS
BP.H.123	EFF.GENIND.56	stmt-dep	H	OPEN	blueprint	from:exact,to:exact	blueprint	source=blueprint | CHAP-H sec17 NODE H.123 SOURCE (transcription)
BP.H.124	BP.H.95	proof-dep	H	OPEN	blueprint	from:exact,to:exact	blueprint	source=blueprint | CHAP-H sec17 NODE H.124 DEPENDS
BP.H.124	BP.H.100	proof-dep	H	OPEN	blueprint	from:exact,to:exact	blueprint	source=blueprint | CHAP-H sec17 NODE H.124 DEPENDS
BP.H.124	BP.H.101	proof-dep	H	OPEN	blueprint	from:exact,to:exact	blueprint	source=blueprint | CHAP-H sec17 NODE H.124 DEPENDS
BP.H.124	BP.H.102	proof-dep	H	OPEN	blueprint	from:exact,to:exact	blueprint	source=blueprint | CHAP-H sec17 NODE H.124 DEPENDS
BP.H.124	BP.H.104	proof-dep	H	OPEN	blueprint	from:exact,to:exact	blueprint	source=blueprint | CHAP-H sec17 NODE H.124 DEPENDS
BP.H.124	BP.H.105	proof-dep	H	OPEN	blueprint	from:exact,to:exact	blueprint	source=blueprint | CHAP-H sec17 NODE H.124 DEPENDS
BP.H.124	BP.H.63	proof-dep	H	OPEN	blueprint	from:exact,to:exact	blueprint	source=blueprint | CHAP-H sec17 NODE H.124 DEPENDS
BP.H.124	BP.H.66	proof-dep	H	OPEN	blueprint	from:exact,to:exact	blueprint	source=blueprint | CHAP-H sec17 NODE H.124 DEPENDS
BP.H.124	EFF.GENIND.13	stmt-dep	H	OPEN	blueprint	from:exact,to:exact	blueprint	source=blueprint | CHAP-H sec17 NODE H.124 SOURCE (transcription)
BP.H.124	EFF.GENIND.54	stmt-dep	H	OPEN	blueprint	from:exact,to:exact	blueprint	source=blueprint | CHAP-H sec17 NODE H.124 SOURCE (transcription)
BP.H.124	EFF.GENIND.57	stmt-dep	H	OPEN	blueprint	from:exact,to:exact	blueprint	source=blueprint | CHAP-H sec17 NODE H.124 SOURCE (transcription)
BP.H.124	EFF.GENIND.60	stmt-dep	H	OPEN	blueprint	from:exact,to:exact	blueprint	source=blueprint | CHAP-H sec17 NODE H.124 SOURCE (transcription)
BP.H.124	HYP.36	stmt-dep	H	OPEN	blueprint	from:exact,to:exact	blueprint	source=blueprint | CHAP-H sec17 structural: FullClusterRateBound at m>=4 rides the CS stage rows (HYP.36 CARRY)
BP.H.124	HYP.81	stmt-dep	H	OPEN	blueprint	from:exact,to:exact	blueprint	source=blueprint | CHAP-H sec17 structural: the mu>=3 sigma-decision leg of the carried hypothesis (first live n=6)
BP.H.124	HYP.82	stmt-dep	H	OPEN	blueprint	from:exact,to:exact	blueprint	source=blueprint | CHAP-H sec17 structural: the n>=8 tower leg of the carried hypothesis (GENHN-TOW-1)
