BP.E.01	EFF.HE7.06	stmt-dep	E	OPEN	blueprint	from:exact,to:exact	blueprint	source=blueprint | CHAP-E NODE E.01 SOURCE (transcription)
BP.E.01	EFF.HE7.47	stmt-dep	E	OPEN	blueprint	from:exact,to:exact	blueprint	source=blueprint | CHAP-E NODE E.01 SOURCE (transcription)
BP.E.01	EFF.T2.04	stmt-dep	E	OPEN	blueprint	from:exact,to:exact	blueprint	source=blueprint | CHAP-E NODE E.01 SOURCE (transcription)
BP.E.02	BP.E.01	proof-dep	E	OPEN	blueprint	from:exact,to:exact	blueprint	source=blueprint | CHAP-E NODE E.02 DEPENDS
BP.E.02	EFF.HE7.06	stmt-dep	E	OPEN	blueprint	from:exact,to:exact	blueprint	source=blueprint | CHAP-E NODE E.02 SOURCE (transcription)
BP.E.02	EFF.HE7.23	stmt-dep	E	OPEN	blueprint	from:exact,to:exact	blueprint	source=blueprint | CHAP-E NODE E.02 SOURCE (transcription)
BP.E.02	EFF.HE7.47	stmt-dep	E	OPEN	blueprint	from:exact,to:exact	blueprint	source=blueprint | CHAP-E NODE E.02 SOURCE (transcription)
BP.E.03	BP.E.01	proof-dep	E	OPEN	blueprint	from:exact,to:exact	blueprint	source=blueprint | CHAP-E NODE E.03 DEPENDS
BP.E.03	EFF.HE7.06	stmt-dep	E	OPEN	blueprint	from:exact,to:exact	blueprint	source=blueprint | CHAP-E NODE E.03 SOURCE (transcription)
BP.E.03	EFF.HE7.107	stmt-dep	E	OPEN	blueprint	from:exact,to:exact	blueprint	source=blueprint | CHAP-E NODE E.03 SOURCE (transcription)
BP.E.04	BP.E.01	proof-dep	E	OPEN	blueprint	from:exact,to:exact	blueprint	source=blueprint | CHAP-E NODE E.04 DEPENDS
BP.E.04	BP.E.03	proof-dep	E	OPEN	blueprint	from:exact,to:exact	blueprint	source=blueprint | CHAP-E NODE E.04 DEPENDS
BP.E.04	EFF.HE7.08	stmt-dep	E	OPEN	blueprint	from:exact,to:exact	blueprint	source=blueprint | CHAP-E NODE E.04 SOURCE (transcription)
BP.E.04	EFF.HE7.108	stmt-dep	E	OPEN	blueprint	from:exact,to:exact	blueprint	source=blueprint | CHAP-E NODE E.04 SOURCE (transcription)
BP.E.04	EFF.T2.07	stmt-dep	E	OPEN	blueprint	from:exact,to:exact	blueprint	source=blueprint | CHAP-E NODE E.04 SOURCE (transcription)
BP.E.05	BP.E.01	proof-dep	E	OPEN	blueprint	from:exact,to:exact	blueprint	source=blueprint | CHAP-E NODE E.05 DEPENDS
BP.E.05	BP.E.02	proof-dep	E	OPEN	blueprint	from:exact,to:exact	blueprint	source=blueprint | CHAP-E NODE E.05 DEPENDS
BP.E.05	EFF.HE7.23	stmt-dep	E	OPEN	blueprint	from:exact,to:exact	blueprint	source=blueprint | CHAP-E NODE E.05 SOURCE (transcription)
BP.E.05	EFF.HE7.47	stmt-dep	E	OPEN	blueprint	from:exact,to:exact	blueprint	source=blueprint | CHAP-E NODE E.05 SOURCE (transcription)
BP.E.05	EFF.T2.35	stmt-dep	E	OPEN	blueprint	from:exact,to:exact	blueprint	source=blueprint | CHAP-E NODE E.05 SOURCE (transcription)
BP.E.06	BP.E.05	proof-dep	E	OPEN	blueprint	from:exact,to:exact	blueprint	source=blueprint | CHAP-E NODE E.06 DEPENDS
BP.E.06	EFF.HE7.06	stmt-dep	E	OPEN	blueprint	from:exact,to:exact	blueprint	source=blueprint | CHAP-E NODE E.06 SOURCE (transcription)
BP.E.06	EFF.HE7.48	stmt-dep	E	OPEN	blueprint	from:exact,to:exact	blueprint	source=blueprint | CHAP-E NODE E.06 SOURCE (transcription)
BP.E.06	EFF.T2.30	stmt-dep	E	OPEN	blueprint	from:exact,to:exact	blueprint	source=blueprint | CHAP-E NODE E.06 SOURCE (transcription)
BP.E.06	EFF.T2.36	stmt-dep	E	OPEN	blueprint	from:exact,to:exact	blueprint	source=blueprint | CHAP-E NODE E.06 SOURCE (transcription)
BP.E.07	EFF.HE7.14	stmt-dep	E	OPEN	blueprint	from:exact,to:exact	blueprint	source=blueprint | CHAP-E NODE E.07 SOURCE (transcription)
BP.E.07	EFF.HE7.15	stmt-dep	E	OPEN	blueprint	from:exact,to:exact	blueprint	source=blueprint | CHAP-E NODE E.07 SOURCE (transcription)
BP.E.08	BP.E.01	proof-dep	E	OPEN	blueprint	from:exact,to:exact	blueprint	source=blueprint | CHAP-E NODE E.08 DEPENDS
BP.E.08	BP.E.02	proof-dep	E	OPEN	blueprint	from:exact,to:exact	blueprint	source=blueprint | CHAP-E NODE E.08 DEPENDS
BP.E.08	EFF.HE7.111	stmt-dep	E	OPEN	blueprint	from:exact,to:exact	blueprint	source=blueprint | CHAP-E NODE E.08 SOURCE (transcription)
BP.E.08	EFF.HE7.12	stmt-dep	E	OPEN	blueprint	from:exact,to:exact	blueprint	source=blueprint | CHAP-E NODE E.08 SOURCE (transcription)
BP.E.08	EFF.T2.10	stmt-dep	E	OPEN	blueprint	from:exact,to:exact	blueprint	source=blueprint | CHAP-E NODE E.08 SOURCE (transcription)
BP.E.09	BP.E.01	proof-dep	E	OPEN	blueprint	from:exact,to:exact	blueprint	source=blueprint | CHAP-E NODE E.09 DEPENDS
BP.E.09	BP.E.02	proof-dep	E	OPEN	blueprint	from:exact,to:exact	blueprint	source=blueprint | CHAP-E NODE E.09 DEPENDS
BP.E.09	EFF.HE7.24	stmt-dep	E	OPEN	blueprint	from:exact,to:exact	blueprint	source=blueprint | CHAP-E NODE E.09 SOURCE (transcription)
BP.E.09	EFF.HE7.25	stmt-dep	E	OPEN	blueprint	from:exact,to:exact	blueprint	source=blueprint | CHAP-E NODE E.09 SOURCE (transcription)
BP.E.10	EFF.T2.04	stmt-dep	E	OPEN	blueprint	from:exact,to:exact	blueprint	source=blueprint | CHAP-E NODE E.10 SOURCE (transcription)
BP.E.10	EFF.T2.05	stmt-dep	E	OPEN	blueprint	from:exact,to:exact	blueprint	source=blueprint | CHAP-E NODE E.10 SOURCE (transcription)
BP.E.10	EFF.T2.09	stmt-dep	E	OPEN	blueprint	from:exact,to:exact	blueprint	source=blueprint | CHAP-E NODE E.10 SOURCE (transcription)
BP.E.10	EFF.T2.10	stmt-dep	E	OPEN	blueprint	from:exact,to:exact	blueprint	source=blueprint | CHAP-E NODE E.10 SOURCE (transcription)
BP.E.11	BP.E.10	proof-dep	E	OPEN	blueprint	from:exact,to:exact	blueprint	source=blueprint | CHAP-E NODE E.11 DEPENDS
BP.E.11	EFF.HE7.09	stmt-dep	E	OPEN	blueprint	from:exact,to:exact	blueprint	source=blueprint | CHAP-E NODE E.11 SOURCE (transcription)
BP.E.11	EFF.T2.02	stmt-dep	E	OPEN	blueprint	from:exact,to:exact	blueprint	source=blueprint | CHAP-E NODE E.11 SOURCE (transcription)
BP.E.11	EFF.T2.11	stmt-dep	E	OPEN	blueprint	from:exact,to:exact	blueprint	source=blueprint | CHAP-E NODE E.11 SOURCE (transcription)
BP.E.12	BP.E.10	proof-dep	E	OPEN	blueprint	from:exact,to:exact	blueprint	source=blueprint | CHAP-E NODE E.12 DEPENDS
BP.E.12	BP.E.11	proof-dep	E	OPEN	blueprint	from:exact,to:exact	blueprint	source=blueprint | CHAP-E NODE E.12 DEPENDS
BP.E.12	EFF.T2.12	stmt-dep	E	OPEN	blueprint	from:exact,to:exact	blueprint	source=blueprint | CHAP-E NODE E.12 SOURCE (transcription)
BP.E.12	EFF.T2.15	stmt-dep	E	OPEN	blueprint	from:exact,to:exact	blueprint	source=blueprint | CHAP-E NODE E.12 SOURCE (transcription)
BP.E.12	EFF.T2.16	stmt-dep	E	OPEN	blueprint	from:exact,to:exact	blueprint	source=blueprint | CHAP-E NODE E.12 SOURCE (transcription)
BP.E.12	EFF.T2.26	stmt-dep	E	OPEN	blueprint	from:exact,to:exact	blueprint	source=blueprint | CHAP-E NODE E.12 SOURCE (transcription)
BP.E.12	EFF.T2.29	stmt-dep	E	OPEN	blueprint	from:exact,to:exact	blueprint	source=blueprint | CHAP-E NODE E.12 SOURCE (transcription)
BP.E.12	EFF.T2.30	stmt-dep	E	OPEN	blueprint	from:exact,to:exact	blueprint	source=blueprint | CHAP-E NODE E.12 SOURCE (transcription)
BP.E.13	BP.E.10	proof-dep	E	OPEN	blueprint	from:exact,to:exact	blueprint	source=blueprint | CHAP-E NODE E.13 DEPENDS
BP.E.13	BP.E.11	proof-dep	E	OPEN	blueprint	from:exact,to:exact	blueprint	source=blueprint | CHAP-E NODE E.13 DEPENDS
BP.E.13	EFF.T2.11	stmt-dep	E	OPEN	blueprint	from:exact,to:exact	blueprint	source=blueprint | CHAP-E NODE E.13 SOURCE (transcription)
BP.E.13	EFF.T2.29	stmt-dep	E	OPEN	blueprint	from:exact,to:exact	blueprint	source=blueprint | CHAP-E NODE E.13 SOURCE (transcription)
BP.E.14	BP.E.12	proof-dep	E	OPEN	blueprint	from:exact,to:exact	blueprint	source=blueprint | CHAP-E NODE E.14 DEPENDS
BP.E.14	EFF.HE7.13	stmt-dep	E	OPEN	blueprint	from:exact,to:exact	blueprint	source=blueprint | CHAP-E NODE E.14 SOURCE (transcription)
BP.E.14	EFF.T2.12	stmt-dep	E	OPEN	blueprint	from:exact,to:exact	blueprint	source=blueprint | CHAP-E NODE E.14 SOURCE (transcription)
BP.E.14	EFF.T2.29	stmt-dep	E	OPEN	blueprint	from:exact,to:exact	blueprint	source=blueprint | CHAP-E NODE E.14 SOURCE (transcription)
BP.E.15	BP.E.12	proof-dep	E	OPEN	blueprint	from:exact,to:exact	blueprint	source=blueprint | CHAP-E NODE E.15 DEPENDS
BP.E.15	BP.E.14	proof-dep	E	OPEN	blueprint	from:exact,to:exact	blueprint	source=blueprint | CHAP-E NODE E.15 DEPENDS
BP.E.15	EFF.HE7.13	stmt-dep	E	OPEN	blueprint	from:exact,to:exact	blueprint	source=blueprint | CHAP-E NODE E.15 SOURCE (transcription)
BP.E.15	EFF.T2.30	stmt-dep	E	OPEN	blueprint	from:exact,to:exact	blueprint	source=blueprint | CHAP-E NODE E.15 SOURCE (transcription)
BP.E.16	BP.E.12	proof-dep	E	OPEN	blueprint	from:exact,to:exact	blueprint	source=blueprint | CHAP-E NODE E.16 DEPENDS
BP.E.16	BP.E.14	proof-dep	E	OPEN	blueprint	from:exact,to:exact	blueprint	source=blueprint | CHAP-E NODE E.16 DEPENDS
BP.E.16	BP.E.15	proof-dep	E	OPEN	blueprint	from:exact,to:exact	blueprint	source=blueprint | CHAP-E NODE E.16 DEPENDS
BP.E.16	EFF.HE7.13	stmt-dep	E	OPEN	blueprint	from:exact,to:exact	blueprint	source=blueprint | CHAP-E NODE E.16 SOURCE (transcription)
BP.E.16	EFF.T2.18	stmt-dep	E	OPEN	blueprint	from:exact,to:exact	blueprint	source=blueprint | CHAP-E NODE E.16 SOURCE (transcription)
BP.E.16	EFF.T2.31	stmt-dep	E	OPEN	blueprint	from:exact,to:exact	blueprint	source=blueprint | CHAP-E NODE E.16 SOURCE (transcription)
BP.E.17	BP.E.01	proof-dep	E	OPEN	blueprint	from:exact,to:exact	blueprint	source=blueprint | CHAP-E NODE E.17 DEPENDS
BP.E.17	BP.E.07	proof-dep	E	OPEN	blueprint	from:exact,to:exact	blueprint	source=blueprint | CHAP-E NODE E.17 DEPENDS
BP.E.17	EFF.HE7.14	stmt-dep	E	OPEN	blueprint	from:exact,to:exact	blueprint	source=blueprint | CHAP-E NODE E.17 SOURCE (transcription)
BP.E.17	EFF.T2.17	stmt-dep	E	OPEN	blueprint	from:exact,to:exact	blueprint	source=blueprint | CHAP-E NODE E.17 SOURCE (transcription)
BP.E.17	EFF.T2.21	stmt-dep	E	OPEN	blueprint	from:exact,to:exact	blueprint	source=blueprint | CHAP-E NODE E.17 SOURCE (transcription)
BP.E.17	EFF.T2.22	stmt-dep	E	OPEN	blueprint	from:exact,to:exact	blueprint	source=blueprint | CHAP-E NODE E.17 SOURCE (transcription)
BP.E.17	EFF.T2.31	stmt-dep	E	OPEN	blueprint	from:exact,to:exact	blueprint	source=blueprint | CHAP-E NODE E.17 SOURCE (transcription)
BP.E.18	BP.E.11	proof-dep	E	OPEN	blueprint	from:exact,to:exact	blueprint	source=blueprint | CHAP-E NODE E.18 DEPENDS
BP.E.18	EFF.T2.23	stmt-dep	E	OPEN	blueprint	from:exact,to:exact	blueprint	source=blueprint | CHAP-E NODE E.18 SOURCE (transcription)
BP.E.18	EFF.T2.31	stmt-dep	E	OPEN	blueprint	from:exact,to:exact	blueprint	source=blueprint | CHAP-E NODE E.18 SOURCE (transcription)
BP.E.19	BP.E.12	proof-dep	E	OPEN	blueprint	from:exact,to:exact	blueprint	source=blueprint | CHAP-E NODE E.19 DEPENDS
BP.E.19	EFF.T2.26	stmt-dep	E	OPEN	blueprint	from:exact,to:exact	blueprint	source=blueprint | CHAP-E NODE E.19 SOURCE (transcription)
BP.E.19	EFF.T2.27	stmt-dep	E	OPEN	blueprint	from:exact,to:exact	blueprint	source=blueprint | CHAP-E NODE E.19 SOURCE (transcription)
BP.E.20	BP.E.19	proof-dep	E	OPEN	blueprint	from:exact,to:exact	blueprint	source=blueprint | CHAP-E NODE E.20 DEPENDS
BP.E.20	EFF.T2.27	stmt-dep	E	OPEN	blueprint	from:exact,to:exact	blueprint	source=blueprint | CHAP-E NODE E.20 SOURCE (transcription)
BP.E.20	EFF.T2.31	stmt-dep	E	OPEN	blueprint	from:exact,to:exact	blueprint	source=blueprint | CHAP-E NODE E.20 SOURCE (transcription)
BP.E.20	EFF.T2.44	stmt-dep	E	OPEN	blueprint	from:exact,to:exact	blueprint	source=blueprint | CHAP-E NODE E.20 SOURCE (transcription)
BP.E.21	BP.E.20	proof-dep	E	OPEN	blueprint	from:exact,to:exact	blueprint	source=blueprint | CHAP-E NODE E.21 DEPENDS
BP.E.21	EFF.T2.28	stmt-dep	E	OPEN	blueprint	from:exact,to:exact	blueprint	source=blueprint | CHAP-E NODE E.21 SOURCE (transcription)
BP.E.21	EFF.T2.32	stmt-dep	E	OPEN	blueprint	from:exact,to:exact	blueprint	source=blueprint | CHAP-E NODE E.21 SOURCE (transcription)
BP.E.21	EFF.T2.44	stmt-dep	E	OPEN	blueprint	from:exact,to:exact	blueprint	source=blueprint | CHAP-E NODE E.21 SOURCE (transcription)
BP.E.22	BP.E.10	proof-dep	E	OPEN	blueprint	from:exact,to:exact	blueprint	source=blueprint | CHAP-E NODE E.22 DEPENDS
BP.E.22	BP.E.12	proof-dep	E	OPEN	blueprint	from:exact,to:exact	blueprint	source=blueprint | CHAP-E NODE E.22 DEPENDS
BP.E.22	EFF.T2.16	stmt-dep	E	OPEN	blueprint	from:exact,to:exact	blueprint	source=blueprint | CHAP-E NODE E.22 SOURCE (transcription)
BP.E.22	EFF.T2.33	stmt-dep	E	OPEN	blueprint	from:exact,to:exact	blueprint	source=blueprint | CHAP-E NODE E.22 SOURCE (transcription)
BP.E.22	EFF.T2.34	stmt-dep	E	OPEN	blueprint	from:exact,to:exact	blueprint	source=blueprint | CHAP-E NODE E.22 SOURCE (transcription)
BP.E.22	EFF.T2.56	stmt-dep	E	OPEN	blueprint	from:exact,to:exact	blueprint	source=blueprint | CHAP-E NODE E.22 SOURCE (transcription)
BP.E.23	BP.E.10	proof-dep	E	OPEN	blueprint	from:exact,to:exact	blueprint	source=blueprint | CHAP-E NODE E.23 DEPENDS
BP.E.23	BP.E.12	proof-dep	E	OPEN	blueprint	from:exact,to:exact	blueprint	source=blueprint | CHAP-E NODE E.23 DEPENDS
BP.E.23	BP.E.29	proof-dep	E	OPEN	blueprint	from:exact,to:exact	blueprint	source=blueprint | CHAP-E NODE E.23 DEPENDS
BP.E.23	BP.E.31	proof-dep	E	OPEN	blueprint	from:exact,to:exact	blueprint	source=blueprint | CHAP-E NODE E.23 DEPENDS
BP.E.23	BP.E.36	proof-dep	E	OPEN	blueprint	from:exact,to:exact	blueprint	source=blueprint | CHAP-E NODE E.23 DEPENDS
BP.E.23	BP.E.38	proof-dep	E	OPEN	blueprint	from:exact,to:exact	blueprint	source=blueprint | CHAP-E NODE E.23 DEPENDS
BP.E.23	BP.E.42	proof-dep	E	OPEN	blueprint	from:exact,to:exact	blueprint	source=blueprint | CHAP-E NODE E.23 DEPENDS
BP.E.23	BP.E.55	proof-dep	E	OPEN	blueprint	from:exact,to:exact	blueprint	source=blueprint | CHAP-E NODE E.23 DEPENDS
BP.E.23	BP.E.57	proof-dep	E	OPEN	blueprint	from:exact,to:exact	blueprint	source=blueprint | CHAP-E NODE E.23 DEPENDS
BP.E.23	EFF.T2.35	stmt-dep	E	OPEN	blueprint	from:exact,to:exact	blueprint	source=blueprint | CHAP-E NODE E.23 SOURCE (transcription)
BP.E.23	EFF.T2.52	stmt-dep	E	OPEN	blueprint	from:exact,to:exact	blueprint	source=blueprint | CHAP-E NODE E.23 SOURCE (transcription)
BP.E.23	EFF.T2.56	stmt-dep	E	OPEN	blueprint	from:exact,to:exact	blueprint	source=blueprint | CHAP-E NODE E.23 SOURCE (transcription)
BP.E.24	BP.E.12	proof-dep	E	OPEN	blueprint	from:exact,to:exact	blueprint	source=blueprint | CHAP-E NODE E.24 DEPENDS
BP.E.24	BP.E.39	proof-dep	E	OPEN	blueprint	from:exact,to:exact	blueprint	source=blueprint | CHAP-E NODE E.24 DEPENDS
BP.E.24	BP.E.40	proof-dep	E	OPEN	blueprint	from:exact,to:exact	blueprint	source=blueprint | CHAP-E NODE E.24 DEPENDS
BP.E.24	BP.E.61	proof-dep	E	OPEN	blueprint	from:exact,to:exact	blueprint	source=blueprint | CHAP-E NODE E.24 DEPENDS
BP.E.24	EFF.T2.39	stmt-dep	E	OPEN	blueprint	from:exact,to:exact	blueprint	source=blueprint | CHAP-E NODE E.24 SOURCE (transcription)
BP.E.25	BP.H.51	proof-dep	E	OPEN	blueprint	from:exact,to:exact	blueprint	source=blueprint | CHAP-E NODE E.25 DEPENDS (H §8 slice)
BP.E.25	EFF.HE7.19	stmt-dep	E	OPEN	blueprint	from:exact,to:exact	blueprint	source=blueprint | CHAP-E NODE E.25 SOURCE (transcription)
BP.E.25	EFF.T2.06	stmt-dep	E	OPEN	blueprint	from:exact,to:exact	blueprint	source=blueprint | CHAP-E NODE E.25 SOURCE (transcription)
BP.E.26	EFF.HE7.11	stmt-dep	E	OPEN	blueprint	from:exact,to:exact	blueprint	source=blueprint | CHAP-E NODE E.26 SOURCE (transcription)
BP.E.26	EFF.HE7.110	stmt-dep	E	OPEN	blueprint	from:exact,to:exact	blueprint	source=blueprint | CHAP-E NODE E.26 SOURCE (transcription)
BP.E.26	EFF.T2.06	stmt-dep	E	OPEN	blueprint	from:exact,to:exact	blueprint	source=blueprint | CHAP-E NODE E.26 SOURCE (transcription)
BP.E.27	BP.E.26	proof-dep	E	OPEN	blueprint	from:exact,to:exact	blueprint	source=blueprint | CHAP-E NODE E.27 DEPENDS
BP.E.27	EFF.GENHN.27	stmt-dep	E	OPEN	blueprint	from:exact,to:exact	blueprint	source=blueprint | CHAP-E NODE E.27 SOURCE (transcription)
BP.E.27	EFF.HE7.11	stmt-dep	E	OPEN	blueprint	from:exact,to:exact	blueprint	source=blueprint | CHAP-E NODE E.27 SOURCE (transcription)
BP.E.27	EFF.HE7.110	stmt-dep	E	OPEN	blueprint	from:exact,to:exact	blueprint	source=blueprint | CHAP-E NODE E.27 SOURCE (transcription)
BP.E.28	BP.E.01	proof-dep	E	OPEN	blueprint	from:exact,to:exact	blueprint	source=blueprint | CHAP-E NODE E.28 DEPENDS
BP.E.28	BP.E.03	proof-dep	E	OPEN	blueprint	from:exact,to:exact	blueprint	source=blueprint | CHAP-E NODE E.28 DEPENDS
BP.E.28	EFF.HE7.11	stmt-dep	E	OPEN	blueprint	from:exact,to:exact	blueprint	source=blueprint | CHAP-E NODE E.28 SOURCE (transcription)
BP.E.28	EFF.HE7.110	stmt-dep	E	OPEN	blueprint	from:exact,to:exact	blueprint	source=blueprint | CHAP-E NODE E.28 SOURCE (transcription)
BP.E.29	BP.E.10	proof-dep	E	OPEN	blueprint	from:exact,to:exact	blueprint	source=blueprint | CHAP-E NODE E.29 DEPENDS
BP.E.29	BP.E.26	proof-dep	E	OPEN	blueprint	from:exact,to:exact	blueprint	source=blueprint | CHAP-E NODE E.29 DEPENDS
BP.E.29	BP.E.27	proof-dep	E	OPEN	blueprint	from:exact,to:exact	blueprint	source=blueprint | CHAP-E NODE E.29 DEPENDS
BP.E.29	BP.E.28	proof-dep	E	OPEN	blueprint	from:exact,to:exact	blueprint	source=blueprint | CHAP-E NODE E.29 DEPENDS
BP.E.29	BP.H.53	proof-dep	E	OPEN	blueprint	from:exact,to:exact	blueprint	source=blueprint | CHAP-E NODE E.29 DEPENDS (H §8 slice)
BP.E.29	EFF.HE7.11	stmt-dep	E	OPEN	blueprint	from:exact,to:exact	blueprint	source=blueprint | CHAP-E NODE E.29 SOURCE (transcription)
BP.E.29	EFF.HE7.110	stmt-dep	E	OPEN	blueprint	from:exact,to:exact	blueprint	source=blueprint | CHAP-E NODE E.29 SOURCE (transcription)
BP.E.29	EFF.T2.06	stmt-dep	E	OPEN	blueprint	from:exact,to:exact	blueprint	source=blueprint | CHAP-E NODE E.29 SOURCE (transcription)
BP.E.30	BP.E.03	proof-dep	E	OPEN	blueprint	from:exact,to:exact	blueprint	source=blueprint | CHAP-E NODE E.30 DEPENDS
BP.E.30	EFF.HE7.19	stmt-dep	E	OPEN	blueprint	from:exact,to:exact	blueprint	source=blueprint | CHAP-E NODE E.30 SOURCE (transcription)
BP.E.30	EFF.HE7.21	stmt-dep	E	OPEN	blueprint	from:exact,to:exact	blueprint	source=blueprint | CHAP-E NODE E.30 SOURCE (transcription)
BP.E.30	EFF.T2.10	stmt-dep	E	OPEN	blueprint	from:exact,to:exact	blueprint	source=blueprint | CHAP-E NODE E.30 SOURCE (transcription)
BP.E.31	BP.E.08	proof-dep	E	OPEN	blueprint	from:exact,to:exact	blueprint	source=blueprint | CHAP-E NODE E.31 DEPENDS
BP.E.31	BP.E.10	proof-dep	E	OPEN	blueprint	from:exact,to:exact	blueprint	source=blueprint | CHAP-E NODE E.31 DEPENDS
BP.E.31	BP.E.28	proof-dep	E	OPEN	blueprint	from:exact,to:exact	blueprint	source=blueprint | CHAP-E NODE E.31 DEPENDS
BP.E.31	BP.E.29	proof-dep	E	OPEN	blueprint	from:exact,to:exact	blueprint	source=blueprint | CHAP-E NODE E.31 DEPENDS
BP.E.31	BP.E.30	proof-dep	E	OPEN	blueprint	from:exact,to:exact	blueprint	source=blueprint | CHAP-E NODE E.31 DEPENDS
BP.E.31	EFF.HE7.111	stmt-dep	E	OPEN	blueprint	from:exact,to:exact	blueprint	source=blueprint | CHAP-E NODE E.31 SOURCE (transcription)
BP.E.31	EFF.HE7.12	stmt-dep	E	OPEN	blueprint	from:exact,to:exact	blueprint	source=blueprint | CHAP-E NODE E.31 SOURCE (transcription)
BP.E.31	EFF.HE7.27	stmt-dep	E	OPEN	blueprint	from:exact,to:exact	blueprint	source=blueprint | CHAP-E NODE E.31 SOURCE (transcription)
BP.E.32	BP.E.26	proof-dep	E	OPEN	blueprint	from:exact,to:exact	blueprint	source=blueprint | CHAP-E NODE E.32 DEPENDS
BP.E.32	BP.E.27	proof-dep	E	OPEN	blueprint	from:exact,to:exact	blueprint	source=blueprint | CHAP-E NODE E.32 DEPENDS
BP.E.32	BP.H.53	proof-dep	E	OPEN	blueprint	from:exact,to:exact	blueprint	source=blueprint | CHAP-E NODE E.32 DEPENDS (H §8 slice)
BP.E.32	EFF.HE7.19	stmt-dep	E	OPEN	blueprint	from:exact,to:exact	blueprint	source=blueprint | CHAP-E NODE E.32 SOURCE (transcription)
BP.E.32	EFF.HE7.22	stmt-dep	E	OPEN	blueprint	from:exact,to:exact	blueprint	source=blueprint | CHAP-E NODE E.32 SOURCE (transcription)
BP.E.32	EFF.T2.50	stmt-dep	E	OPEN	blueprint	from:exact,to:exact	blueprint	source=blueprint | CHAP-E NODE E.32 SOURCE (transcription)
BP.E.33	BP.E.04	proof-dep	E	OPEN	blueprint	from:exact,to:exact	blueprint	source=blueprint | CHAP-E NODE E.33 DEPENDS
BP.E.33	EFF.HE7.108	stmt-dep	E	OPEN	blueprint	from:exact,to:exact	blueprint	source=blueprint | CHAP-E NODE E.33 SOURCE (transcription)
BP.E.33	EFF.HE7.110	stmt-dep	E	OPEN	blueprint	from:exact,to:exact	blueprint	source=blueprint | CHAP-E NODE E.33 SOURCE (transcription)
BP.E.33	EFF.T2.07	stmt-dep	E	OPEN	blueprint	from:exact,to:exact	blueprint	source=blueprint | CHAP-E NODE E.33 SOURCE (transcription)
BP.E.33	EFF.T2.08	stmt-dep	E	OPEN	blueprint	from:exact,to:exact	blueprint	source=blueprint | CHAP-E NODE E.33 SOURCE (transcription)
BP.E.34	EFF.T2.20	stmt-dep	E	OPEN	blueprint	from:exact,to:exact	blueprint	source=blueprint | CHAP-E NODE E.34 SOURCE (transcription)
BP.E.34	EFF.T2.70	stmt-dep	E	OPEN	blueprint	from:exact,to:exact	blueprint	source=blueprint | CHAP-E NODE E.34 SOURCE (transcription)
BP.E.35	BP.E.10	proof-dep	E	OPEN	blueprint	from:exact,to:exact	blueprint	source=blueprint | CHAP-E NODE E.35 DEPENDS
BP.E.35	EFF.T2.19	stmt-dep	E	OPEN	blueprint	from:exact,to:exact	blueprint	source=blueprint | CHAP-E NODE E.35 SOURCE (transcription)
BP.E.35	EFF.T2.59	stmt-dep	E	OPEN	blueprint	from:exact,to:exact	blueprint	source=blueprint | CHAP-E NODE E.35 SOURCE (transcription)
BP.E.35	EFF.T2.71	stmt-dep	E	OPEN	blueprint	from:exact,to:exact	blueprint	source=blueprint | CHAP-E NODE E.35 SOURCE (transcription)
BP.E.36	BP.E.11	proof-dep	E	OPEN	blueprint	from:exact,to:exact	blueprint	source=blueprint | CHAP-E NODE E.36 DEPENDS
BP.E.36	EFF.HE7.09	stmt-dep	E	OPEN	blueprint	from:exact,to:exact	blueprint	source=blueprint | CHAP-E NODE E.36 SOURCE (transcription)
BP.E.36	EFF.HE7.119	stmt-dep	E	OPEN	blueprint	from:exact,to:exact	blueprint	source=blueprint | CHAP-E NODE E.36 SOURCE (transcription)
BP.E.37	BP.E.18	proof-dep	E	OPEN	blueprint	from:exact,to:exact	blueprint	source=blueprint | CHAP-E NODE E.37 DEPENDS
BP.E.37	BP.E.36	proof-dep	E	OPEN	blueprint	from:exact,to:exact	blueprint	source=blueprint | CHAP-E NODE E.37 DEPENDS
BP.E.37	EFF.HE7.09	stmt-dep	E	OPEN	blueprint	from:exact,to:exact	blueprint	source=blueprint | CHAP-E NODE E.37 SOURCE (transcription)
BP.E.37	EFF.HE7.60	stmt-dep	E	OPEN	blueprint	from:exact,to:exact	blueprint	source=blueprint | CHAP-E NODE E.37 SOURCE (transcription)
BP.E.37	EFF.HE7.62	stmt-dep	E	OPEN	blueprint	from:exact,to:exact	blueprint	source=blueprint | CHAP-E NODE E.37 SOURCE (transcription)
BP.E.38	BP.E.10	proof-dep	E	OPEN	blueprint	from:exact,to:exact	blueprint	source=blueprint | CHAP-E NODE E.38 DEPENDS
BP.E.38	BP.E.28	proof-dep	E	OPEN	blueprint	from:exact,to:exact	blueprint	source=blueprint | CHAP-E NODE E.38 DEPENDS
BP.E.38	EFF.HE7.43	stmt-dep	E	OPEN	blueprint	from:exact,to:exact	blueprint	source=blueprint | CHAP-E NODE E.38 SOURCE (transcription)
BP.E.38	EFF.HE7.44	stmt-dep	E	OPEN	blueprint	from:exact,to:exact	blueprint	source=blueprint | CHAP-E NODE E.38 SOURCE (transcription)
BP.E.39	BP.E.10	proof-dep	E	OPEN	blueprint	from:exact,to:exact	blueprint	source=blueprint | CHAP-E NODE E.39 DEPENDS
BP.E.39	BP.E.12	proof-dep	E	OPEN	blueprint	from:exact,to:exact	blueprint	source=blueprint | CHAP-E NODE E.39 DEPENDS
BP.E.39	BP.E.17	proof-dep	E	OPEN	blueprint	from:exact,to:exact	blueprint	source=blueprint | CHAP-E NODE E.39 DEPENDS
BP.E.39	EFF.T2.17	stmt-dep	E	OPEN	blueprint	from:exact,to:exact	blueprint	source=blueprint | CHAP-E NODE E.39 SOURCE (transcription)
BP.E.39	EFF.T2.18	stmt-dep	E	OPEN	blueprint	from:exact,to:exact	blueprint	source=blueprint | CHAP-E NODE E.39 SOURCE (transcription)
BP.E.40	BP.E.10	proof-dep	E	OPEN	blueprint	from:exact,to:exact	blueprint	source=blueprint | CHAP-E NODE E.40 DEPENDS
BP.E.40	BP.E.12	proof-dep	E	OPEN	blueprint	from:exact,to:exact	blueprint	source=blueprint | CHAP-E NODE E.40 DEPENDS
BP.E.40	BP.E.18	proof-dep	E	OPEN	blueprint	from:exact,to:exact	blueprint	source=blueprint | CHAP-E NODE E.40 DEPENDS
BP.E.40	EFF.T2.23	stmt-dep	E	OPEN	blueprint	from:exact,to:exact	blueprint	source=blueprint | CHAP-E NODE E.40 SOURCE (transcription)
BP.E.40	EFF.T2.61	stmt-dep	E	OPEN	blueprint	from:exact,to:exact	blueprint	source=blueprint | CHAP-E NODE E.40 SOURCE (transcription)
BP.E.41	BP.E.16	proof-dep	E	OPEN	blueprint	from:exact,to:exact	blueprint	source=blueprint | CHAP-E NODE E.41 DEPENDS
BP.E.41	EFF.T2.18	stmt-dep	E	OPEN	blueprint	from:exact,to:exact	blueprint	source=blueprint | CHAP-E NODE E.41 SOURCE (transcription)
BP.E.41	EFF.T2.33	stmt-dep	E	OPEN	blueprint	from:exact,to:exact	blueprint	source=blueprint | CHAP-E NODE E.41 SOURCE (transcription)
BP.E.42	BP.E.35	proof-dep	E	OPEN	blueprint	from:exact,to:exact	blueprint	source=blueprint | CHAP-E NODE E.42 DEPENDS
BP.E.42	BP.E.38	proof-dep	E	OPEN	blueprint	from:exact,to:exact	blueprint	source=blueprint | CHAP-E NODE E.42 DEPENDS
BP.E.42	BP.E.56	proof-dep	E	OPEN	blueprint	from:exact,to:exact	blueprint	source=blueprint | CHAP-E NODE E.42 DEPENDS
BP.E.42	EFF.HE7.44	stmt-dep	E	OPEN	blueprint	from:exact,to:exact	blueprint	source=blueprint | CHAP-E NODE E.42 SOURCE (transcription)
BP.E.42	EFF.T2.24	stmt-dep	E	OPEN	blueprint	from:exact,to:exact	blueprint	source=blueprint | CHAP-E NODE E.42 SOURCE (transcription)
BP.E.42	EFF.T2.53	stmt-dep	E	OPEN	blueprint	from:exact,to:exact	blueprint	source=blueprint | CHAP-E NODE E.42 SOURCE (transcription)
BP.E.42	EFF.T2.62	stmt-dep	E	OPEN	blueprint	from:exact,to:exact	blueprint	source=blueprint | CHAP-E NODE E.42 SOURCE (transcription)
BP.E.43	BP.E.10	proof-dep	E	OPEN	blueprint	from:exact,to:exact	blueprint	source=blueprint | CHAP-E NODE E.43 DEPENDS
BP.E.43	BP.E.34	proof-dep	E	OPEN	blueprint	from:exact,to:exact	blueprint	source=blueprint | CHAP-E NODE E.43 DEPENDS
BP.E.43	EFF.T2.25	stmt-dep	E	OPEN	blueprint	from:exact,to:exact	blueprint	source=blueprint | CHAP-E NODE E.43 SOURCE (transcription)
BP.E.43	EFF.T2.61	stmt-dep	E	OPEN	blueprint	from:exact,to:exact	blueprint	source=blueprint | CHAP-E NODE E.43 SOURCE (transcription)
BP.E.43	EFF.T2.70	stmt-dep	E	OPEN	blueprint	from:exact,to:exact	blueprint	source=blueprint | CHAP-E NODE E.43 SOURCE (transcription)
BP.E.44	BP.E.39	proof-dep	E	OPEN	blueprint	from:exact,to:exact	blueprint	source=blueprint | CHAP-E NODE E.44 DEPENDS
BP.E.44	BP.E.40	proof-dep	E	OPEN	blueprint	from:exact,to:exact	blueprint	source=blueprint | CHAP-E NODE E.44 DEPENDS
BP.E.44	EFF.T2.44	stmt-dep	E	OPEN	blueprint	from:exact,to:exact	blueprint	source=blueprint | CHAP-E NODE E.44 SOURCE (transcription)
BP.E.45	EFF.HE7.48	stmt-dep	E	OPEN	blueprint	from:exact,to:exact	blueprint	source=blueprint | CHAP-E NODE E.45 SOURCE (transcription)
BP.E.45	EFF.T2.31	stmt-dep	E	OPEN	blueprint	from:exact,to:exact	blueprint	source=blueprint | CHAP-E NODE E.45 SOURCE (transcription)
BP.E.45	EFF.T2.33	stmt-dep	E	OPEN	blueprint	from:exact,to:exact	blueprint	source=blueprint | CHAP-E NODE E.45 SOURCE (transcription)
BP.E.46	BP.E.45	proof-dep	E	OPEN	blueprint	from:exact,to:exact	blueprint	source=blueprint | CHAP-E NODE E.46 DEPENDS
BP.E.46	EFF.HE7.36	stmt-dep	E	OPEN	blueprint	from:exact,to:exact	blueprint	source=blueprint | CHAP-E NODE E.46 SOURCE (transcription)
BP.E.46	EFF.T2.30	stmt-dep	E	OPEN	blueprint	from:exact,to:exact	blueprint	source=blueprint | CHAP-E NODE E.46 SOURCE (transcription)
BP.E.47	BP.E.45	proof-dep	E	OPEN	blueprint	from:exact,to:exact	blueprint	source=blueprint | CHAP-E NODE E.47 DEPENDS
BP.E.47	EFF.GENHN.17	stmt-dep	E	OPEN	blueprint	from:exact,to:exact	blueprint	source=blueprint | CHAP-E NODE E.47 SOURCE (transcription)
BP.E.47	EFF.HE7.16	stmt-dep	E	OPEN	blueprint	from:exact,to:exact	blueprint	source=blueprint | CHAP-E NODE E.47 SOURCE (transcription)
BP.E.47	EFF.T2.21	stmt-dep	E	OPEN	blueprint	from:exact,to:exact	blueprint	source=blueprint | CHAP-E NODE E.47 SOURCE (transcription)
BP.E.48	BP.E.45	proof-dep	E	OPEN	blueprint	from:exact,to:exact	blueprint	source=blueprint | CHAP-E NODE E.48 DEPENDS
BP.E.48	EFF.T2.17	stmt-dep	E	OPEN	blueprint	from:exact,to:exact	blueprint	source=blueprint | CHAP-E NODE E.48 SOURCE (transcription)
BP.E.48	EFF.T2.31	stmt-dep	E	OPEN	blueprint	from:exact,to:exact	blueprint	source=blueprint | CHAP-E NODE E.48 SOURCE (transcription)
BP.E.48	EFF.T2.32	stmt-dep	E	OPEN	blueprint	from:exact,to:exact	blueprint	source=blueprint | CHAP-E NODE E.48 SOURCE (transcription)
BP.E.49	BP.E.45	proof-dep	E	OPEN	blueprint	from:exact,to:exact	blueprint	source=blueprint | CHAP-E NODE E.49 DEPENDS
BP.E.49	EFF.HE7.57	stmt-dep	E	OPEN	blueprint	from:exact,to:exact	blueprint	source=blueprint | CHAP-E NODE E.49 SOURCE (transcription)
BP.E.49	EFF.HE7.58	stmt-dep	E	OPEN	blueprint	from:exact,to:exact	blueprint	source=blueprint | CHAP-E NODE E.49 SOURCE (transcription)
BP.E.49	EFF.HE7.59	stmt-dep	E	OPEN	blueprint	from:exact,to:exact	blueprint	source=blueprint | CHAP-E NODE E.49 SOURCE (transcription)
BP.E.49	EFF.HE7.60	stmt-dep	E	OPEN	blueprint	from:exact,to:exact	blueprint	source=blueprint | CHAP-E NODE E.49 SOURCE (transcription)
BP.E.50	BP.E.49	proof-dep	E	OPEN	blueprint	from:exact,to:exact	blueprint	source=blueprint | CHAP-E NODE E.50 DEPENDS
BP.E.50	EFF.HE7.58	stmt-dep	E	OPEN	blueprint	from:exact,to:exact	blueprint	source=blueprint | CHAP-E NODE E.50 SOURCE (transcription)
BP.E.50	EFF.HE7.60	stmt-dep	E	OPEN	blueprint	from:exact,to:exact	blueprint	source=blueprint | CHAP-E NODE E.50 SOURCE (transcription)
BP.E.50	EFF.HE7.61	stmt-dep	E	OPEN	blueprint	from:exact,to:exact	blueprint	source=blueprint | CHAP-E NODE E.50 SOURCE (transcription)
BP.E.51	BP.E.15	proof-dep	E	OPEN	blueprint	from:exact,to:exact	blueprint	source=blueprint | CHAP-E NODE E.51 DEPENDS
BP.E.51	BP.E.49	proof-dep	E	OPEN	blueprint	from:exact,to:exact	blueprint	source=blueprint | CHAP-E NODE E.51 DEPENDS
BP.E.51	EFF.HE7.09	stmt-dep	E	OPEN	blueprint	from:exact,to:exact	blueprint	source=blueprint | CHAP-E NODE E.51 SOURCE (transcription)
BP.E.51	EFF.HE7.60	stmt-dep	E	OPEN	blueprint	from:exact,to:exact	blueprint	source=blueprint | CHAP-E NODE E.51 SOURCE (transcription)
BP.E.52	BP.E.38	proof-dep	E	OPEN	blueprint	from:exact,to:exact	blueprint	source=blueprint | CHAP-E NODE E.52 DEPENDS
BP.E.52	BP.E.42	proof-dep	E	OPEN	blueprint	from:exact,to:exact	blueprint	source=blueprint | CHAP-E NODE E.52 DEPENDS
BP.E.52	BP.E.49	proof-dep	E	OPEN	blueprint	from:exact,to:exact	blueprint	source=blueprint | CHAP-E NODE E.52 DEPENDS
BP.E.52	BP.E.50	proof-dep	E	OPEN	blueprint	from:exact,to:exact	blueprint	source=blueprint | CHAP-E NODE E.52 DEPENDS
BP.E.52	BP.E.51	proof-dep	E	OPEN	blueprint	from:exact,to:exact	blueprint	source=blueprint | CHAP-E NODE E.52 DEPENDS
BP.E.52	BP.E.55	proof-dep	E	OPEN	blueprint	from:exact,to:exact	blueprint	source=blueprint | CHAP-E NODE E.52 DEPENDS
BP.E.52	BP.E.56	proof-dep	E	OPEN	blueprint	from:exact,to:exact	blueprint	source=blueprint | CHAP-E NODE E.52 DEPENDS
BP.E.52	EFF.HE7.59	stmt-dep	E	OPEN	blueprint	from:exact,to:exact	blueprint	source=blueprint | CHAP-E NODE E.52 SOURCE (transcription)
BP.E.52	EFF.HE7.62	stmt-dep	E	OPEN	blueprint	from:exact,to:exact	blueprint	source=blueprint | CHAP-E NODE E.52 SOURCE (transcription)
BP.E.53	BP.E.46	proof-dep	E	OPEN	blueprint	from:exact,to:exact	blueprint	source=blueprint | CHAP-E NODE E.53 DEPENDS
BP.E.53	EFF.T2.30	stmt-dep	E	OPEN	blueprint	from:exact,to:exact	blueprint	source=blueprint | CHAP-E NODE E.53 SOURCE (transcription)
BP.E.54	BP.E.45	proof-dep	E	OPEN	blueprint	from:exact,to:exact	blueprint	source=blueprint | CHAP-E NODE E.54 DEPENDS
BP.E.54	EFF.HE7.08	stmt-dep	E	OPEN	blueprint	from:exact,to:exact	blueprint	source=blueprint | CHAP-E NODE E.54 SOURCE (transcription)
BP.E.54	EFF.T2.13	stmt-dep	E	OPEN	blueprint	from:exact,to:exact	blueprint	source=blueprint | CHAP-E NODE E.54 SOURCE (transcription)
BP.E.54	EFF.T2.14	stmt-dep	E	OPEN	blueprint	from:exact,to:exact	blueprint	source=blueprint | CHAP-E NODE E.54 SOURCE (transcription)
BP.E.55	BP.E.10	proof-dep	E	OPEN	blueprint	from:exact,to:exact	blueprint	source=blueprint | CHAP-E NODE E.55 DEPENDS
BP.E.55	BP.E.38	proof-dep	E	OPEN	blueprint	from:exact,to:exact	blueprint	source=blueprint | CHAP-E NODE E.55 DEPENDS
BP.E.55	EFF.HE7.53	stmt-dep	E	OPEN	blueprint	from:exact,to:exact	blueprint	source=blueprint | CHAP-E NODE E.55 SOURCE (transcription)
BP.E.55	EFF.T2.26	stmt-dep	E	OPEN	blueprint	from:exact,to:exact	blueprint	source=blueprint | CHAP-E NODE E.55 SOURCE (transcription)
BP.E.55	EFF.T2.52	stmt-dep	E	OPEN	blueprint	from:exact,to:exact	blueprint	source=blueprint | CHAP-E NODE E.55 SOURCE (transcription)
BP.E.56	BP.E.10	proof-dep	E	OPEN	blueprint	from:exact,to:exact	blueprint	source=blueprint | CHAP-E NODE E.56 DEPENDS
BP.E.56	BP.E.35	proof-dep	E	OPEN	blueprint	from:exact,to:exact	blueprint	source=blueprint | CHAP-E NODE E.56 DEPENDS
BP.E.56	BP.E.38	proof-dep	E	OPEN	blueprint	from:exact,to:exact	blueprint	source=blueprint | CHAP-E NODE E.56 DEPENDS
BP.E.56	EFF.HE7.44	stmt-dep	E	OPEN	blueprint	from:exact,to:exact	blueprint	source=blueprint | CHAP-E NODE E.56 SOURCE (transcription)
BP.E.56	EFF.HE7.45	stmt-dep	E	OPEN	blueprint	from:exact,to:exact	blueprint	source=blueprint | CHAP-E NODE E.56 SOURCE (transcription)
BP.E.56	EFF.HE7.96	stmt-dep	E	OPEN	blueprint	from:exact,to:exact	blueprint	source=blueprint | CHAP-E NODE E.56 SOURCE (transcription)
BP.E.57	BP.E.12	proof-dep	E	OPEN	blueprint	from:exact,to:exact	blueprint	source=blueprint | CHAP-E NODE E.57 DEPENDS
BP.E.57	BP.E.14	proof-dep	E	OPEN	blueprint	from:exact,to:exact	blueprint	source=blueprint | CHAP-E NODE E.57 DEPENDS
BP.E.57	BP.E.16	proof-dep	E	OPEN	blueprint	from:exact,to:exact	blueprint	source=blueprint | CHAP-E NODE E.57 DEPENDS
BP.E.57	BP.E.36	proof-dep	E	OPEN	blueprint	from:exact,to:exact	blueprint	source=blueprint | CHAP-E NODE E.57 DEPENDS
BP.E.57	BP.E.59	proof-dep	E	OPEN	blueprint	from:exact,to:exact	blueprint	source=blueprint | CHAP-E NODE E.57 DEPENDS
BP.E.57	EFF.HE7.119	stmt-dep	E	OPEN	blueprint	from:exact,to:exact	blueprint	source=blueprint | CHAP-E NODE E.57 SOURCE (transcription)
BP.E.57	EFF.HE7.96	stmt-dep	E	OPEN	blueprint	from:exact,to:exact	blueprint	source=blueprint | CHAP-E NODE E.57 SOURCE (transcription)
BP.E.58	BP.E.10	proof-dep	E	OPEN	blueprint	from:exact,to:exact	blueprint	source=blueprint | CHAP-E NODE E.58 DEPENDS
BP.E.58	BP.E.35	proof-dep	E	OPEN	blueprint	from:exact,to:exact	blueprint	source=blueprint | CHAP-E NODE E.58 DEPENDS
BP.E.58	BP.E.56	proof-dep	E	OPEN	blueprint	from:exact,to:exact	blueprint	source=blueprint | CHAP-E NODE E.58 DEPENDS
BP.E.58	EFF.HE7.44	stmt-dep	E	OPEN	blueprint	from:exact,to:exact	blueprint	source=blueprint | CHAP-E NODE E.58 SOURCE (transcription)
BP.E.58	EFF.HE7.96	stmt-dep	E	OPEN	blueprint	from:exact,to:exact	blueprint	source=blueprint | CHAP-E NODE E.58 SOURCE (transcription)
BP.E.59	BP.E.07	proof-dep	E	OPEN	blueprint	from:exact,to:exact	blueprint	source=blueprint | CHAP-E NODE E.59 DEPENDS
BP.E.59	EFF.HE7.14	stmt-dep	E	OPEN	blueprint	from:exact,to:exact	blueprint	source=blueprint | CHAP-E NODE E.59 SOURCE (transcription)
BP.E.59	EFF.HE7.96	stmt-dep	E	OPEN	blueprint	from:exact,to:exact	blueprint	source=blueprint | CHAP-E NODE E.59 SOURCE (transcription)
BP.E.60	BP.E.07	proof-dep	E	OPEN	blueprint	from:exact,to:exact	blueprint	source=blueprint | CHAP-E NODE E.60 DEPENDS
BP.E.60	BP.E.17	proof-dep	E	OPEN	blueprint	from:exact,to:exact	blueprint	source=blueprint | CHAP-E NODE E.60 DEPENDS
BP.E.60	BP.E.20	proof-dep	E	OPEN	blueprint	from:exact,to:exact	blueprint	source=blueprint | CHAP-E NODE E.60 DEPENDS
BP.E.60	BP.E.55	proof-dep	E	OPEN	blueprint	from:exact,to:exact	blueprint	source=blueprint | CHAP-E NODE E.60 DEPENDS
BP.E.60	EFF.HE7.15	stmt-dep	E	OPEN	blueprint	from:exact,to:exact	blueprint	source=blueprint | CHAP-E NODE E.60 SOURCE (transcription)
BP.E.61	BP.E.33	proof-dep	E	OPEN	blueprint	from:exact,to:exact	blueprint	source=blueprint | CHAP-E NODE E.61 DEPENDS
BP.E.61	EFF.HE7.108	stmt-dep	E	OPEN	blueprint	from:exact,to:exact	blueprint	source=blueprint | CHAP-E NODE E.61 SOURCE (transcription)
BP.E.61	EFF.HE7.110	stmt-dep	E	OPEN	blueprint	from:exact,to:exact	blueprint	source=blueprint | CHAP-E NODE E.61 SOURCE (transcription)
BP.E.61	EFF.HE7.112	stmt-dep	E	OPEN	blueprint	from:exact,to:exact	blueprint	source=blueprint | CHAP-E NODE E.61 SOURCE (transcription)
BP.E.63	BP.E.05	proof-dep	E	OPEN	blueprint	from:exact,to:exact	blueprint	source=blueprint | CHAP-E NODE E.63 DEPENDS
BP.E.63	BP.E.61	proof-dep	E	OPEN	blueprint	from:exact,to:exact	blueprint	source=blueprint | CHAP-E NODE E.63 DEPENDS
BP.E.63	BP.E.62	proof-dep	E	OPEN	blueprint	from:exact,to:exact	blueprint	source=blueprint | CHAP-E NODE E.63 DEPENDS
BP.E.63	EFF.HE7.108	stmt-dep	E	OPEN	blueprint	from:exact,to:exact	blueprint	source=blueprint | CHAP-E NODE E.63 SOURCE (transcription)
BP.E.63	EFF.HE7.114	stmt-dep	E	OPEN	blueprint	from:exact,to:exact	blueprint	source=blueprint | CHAP-E NODE E.63 SOURCE (transcription)
BP.E.64	BP.E.60	proof-dep	E	OPEN	blueprint	from:exact,to:exact	blueprint	source=blueprint | CHAP-E NODE E.64 DEPENDS
BP.E.64	EFF.HE7.114	stmt-dep	E	OPEN	blueprint	from:exact,to:exact	blueprint	source=blueprint | CHAP-E NODE E.64 SOURCE (transcription)
BP.E.64	EFF.HE7.15	stmt-dep	E	OPEN	blueprint	from:exact,to:exact	blueprint	source=blueprint | CHAP-E NODE E.64 SOURCE (transcription)
BP.E.65	BP.E.01	proof-dep	E	OPEN	blueprint	from:exact,to:exact	blueprint	source=blueprint | CHAP-E NODE E.65 DEPENDS
BP.E.65	BP.E.02	proof-dep	E	OPEN	blueprint	from:exact,to:exact	blueprint	source=blueprint | CHAP-E NODE E.65 DEPENDS
BP.E.65	BP.E.05	proof-dep	E	OPEN	blueprint	from:exact,to:exact	blueprint	source=blueprint | CHAP-E NODE E.65 DEPENDS
BP.E.65	BP.E.07	proof-dep	E	OPEN	blueprint	from:exact,to:exact	blueprint	source=blueprint | CHAP-E NODE E.65 DEPENDS
BP.E.65	BP.E.49	proof-dep	E	OPEN	blueprint	from:exact,to:exact	blueprint	source=blueprint | CHAP-E NODE E.65 DEPENDS
BP.E.65	BP.E.50	proof-dep	E	OPEN	blueprint	from:exact,to:exact	blueprint	source=blueprint | CHAP-E NODE E.65 DEPENDS
BP.E.65	BP.E.60	proof-dep	E	OPEN	blueprint	from:exact,to:exact	blueprint	source=blueprint | CHAP-E NODE E.65 DEPENDS
BP.E.65	EFF.HE7.23	stmt-dep	E	OPEN	blueprint	from:exact,to:exact	blueprint	source=blueprint | CHAP-E NODE E.65 SOURCE (transcription)
BP.E.65	EFF.HE7.57	stmt-dep	E	OPEN	blueprint	from:exact,to:exact	blueprint	source=blueprint | CHAP-E NODE E.65 SOURCE (transcription)
BP.E.65	EFF.HE7.58	stmt-dep	E	OPEN	blueprint	from:exact,to:exact	blueprint	source=blueprint | CHAP-E NODE E.65 SOURCE (transcription)
BP.E.66	BP.E.02	proof-dep	E	OPEN	blueprint	from:exact,to:exact	blueprint	source=blueprint | CHAP-E NODE E.66 DEPENDS
BP.E.66	BP.E.25	proof-dep	E	OPEN	blueprint	from:exact,to:exact	blueprint	source=blueprint | CHAP-E NODE E.66 DEPENDS
BP.E.66	BP.E.30	proof-dep	E	OPEN	blueprint	from:exact,to:exact	blueprint	source=blueprint | CHAP-E NODE E.66 DEPENDS
BP.E.66	EFF.HE7.21	stmt-dep	E	OPEN	blueprint	from:exact,to:exact	blueprint	source=blueprint | CHAP-E NODE E.66 SOURCE (transcription)
BP.E.67	BP.E.15	proof-dep	E	OPEN	blueprint	from:exact,to:exact	blueprint	source=blueprint | CHAP-E NODE E.67 DEPENDS
BP.E.67	BP.E.45	proof-dep	E	OPEN	blueprint	from:exact,to:exact	blueprint	source=blueprint | CHAP-E NODE E.67 DEPENDS
BP.E.67	BP.E.46	proof-dep	E	OPEN	blueprint	from:exact,to:exact	blueprint	source=blueprint | CHAP-E NODE E.67 DEPENDS
BP.E.67	BP.E.47	proof-dep	E	OPEN	blueprint	from:exact,to:exact	blueprint	source=blueprint | CHAP-E NODE E.67 DEPENDS
BP.E.67	BP.E.49	proof-dep	E	OPEN	blueprint	from:exact,to:exact	blueprint	source=blueprint | CHAP-E NODE E.67 DEPENDS
BP.E.67	EFF.HE7.58	stmt-dep	E	OPEN	blueprint	from:exact,to:exact	blueprint	source=blueprint | CHAP-E NODE E.67 SOURCE (transcription)
BP.E.68	BP.E.02	proof-dep	E	OPEN	blueprint	from:exact,to:exact	blueprint	source=blueprint | CHAP-E NODE E.68 DEPENDS
BP.E.68	BP.E.05	proof-dep	E	OPEN	blueprint	from:exact,to:exact	blueprint	source=blueprint | CHAP-E NODE E.68 DEPENDS
BP.E.68	BP.E.08	proof-dep	E	OPEN	blueprint	from:exact,to:exact	blueprint	source=blueprint | CHAP-E NODE E.68 DEPENDS
BP.E.68	EFF.HE7.22	stmt-dep	E	OPEN	blueprint	from:exact,to:exact	blueprint	source=blueprint | CHAP-E NODE E.68 SOURCE (transcription)
BP.E.68	EFF.HE7.23	stmt-dep	E	OPEN	blueprint	from:exact,to:exact	blueprint	source=blueprint | CHAP-E NODE E.68 SOURCE (transcription)
