BP.G.01	EFF.HEX3.13	stmt-dep	G	DONE	blueprint	from:exact,to:exact	blueprint	source=blueprint | CHAP-G NODE G.01 SOURCE (transcription)
BP.G.01	EFF.W11.15	stmt-dep	G	DONE	blueprint	from:exact,to:exact	blueprint	source=blueprint | CHAP-G NODE G.01 SOURCE (transcription)
BP.G.02	BP.G.01	proof-dep	G	DONE	blueprint	from:exact,to:exact	blueprint	source=blueprint | CHAP-G NODE G.02 DEPENDS
BP.G.02	EFF.HEX3.13	stmt-dep	G	DONE	blueprint	from:exact,to:exact	blueprint	source=blueprint | CHAP-G NODE G.02 SOURCE (transcription)
BP.G.02	EFF.W11.15	stmt-dep	G	DONE	blueprint	from:exact,to:exact	blueprint	source=blueprint | CHAP-G NODE G.02 SOURCE (transcription)
BP.G.03	EFF.W11.14	stmt-dep	G	DONE	blueprint	from:exact,to:exact	blueprint	source=blueprint | CHAP-G NODE G.03 SOURCE (transcription)
BP.G.03	EFF.W11.15	stmt-dep	G	DONE	blueprint	from:exact,to:exact	blueprint	source=blueprint | CHAP-G NODE G.03 SOURCE (transcription)
BP.G.04	BP.G.03	proof-dep	G	DONE	blueprint	from:exact,to:exact	blueprint	source=blueprint | CHAP-G NODE G.04 DEPENDS
BP.G.04	EFF.W11.15	stmt-dep	G	DONE	blueprint	from:exact,to:exact	blueprint	source=blueprint | CHAP-G NODE G.04 SOURCE (transcription)
BP.G.05	EFF.HMENU3.11	stmt-dep	G	DONE	blueprint	from:exact,to:exact	blueprint	source=blueprint | CHAP-G NODE G.05 SOURCE (transcription)
BP.G.05	EFF.W11.07	stmt-dep	G	DONE	blueprint	from:exact,to:exact	blueprint	source=blueprint | CHAP-G NODE G.05 SOURCE (transcription)
BP.G.06	BP.G.05	proof-dep	G	DONE	blueprint	from:exact,to:exact	blueprint	source=blueprint | CHAP-G NODE G.06 DEPENDS
BP.G.06	EFF.HMENU3.28	stmt-dep	G	DONE	blueprint	from:exact,to:exact	blueprint	source=blueprint | CHAP-G NODE G.06 SOURCE (transcription)
BP.G.06	EFF.W11.15	stmt-dep	G	DONE	blueprint	from:exact,to:exact	blueprint	source=blueprint | CHAP-G NODE G.06 SOURCE (transcription)
BP.G.07	BP.G.05	proof-dep	G	DONE	blueprint	from:exact,to:exact	blueprint	source=blueprint | CHAP-G NODE G.07 DEPENDS
BP.G.07	lean:card_certSet_gen	stmt-dep	G	DONE	blueprint	from:exact,to:exact	blueprint	source=blueprint | CHAP-G NODE G.07 DEPENDS landed API
BP.G.07	EFF.HEX3.13	stmt-dep	G	DONE	blueprint	from:exact,to:exact	blueprint	source=blueprint | CHAP-G NODE G.07 SOURCE (transcription)
BP.G.07	EFF.W11.09	stmt-dep	G	DONE	blueprint	from:exact,to:exact	blueprint	source=blueprint | CHAP-G NODE G.07 SOURCE (transcription)
BP.G.07	EFF.W11.25	stmt-dep	G	DONE	blueprint	from:exact,to:exact	blueprint	source=blueprint | CHAP-G NODE G.07 SOURCE (transcription)
BP.G.08	BP.G.06	proof-dep	G	DONE	blueprint	from:exact,to:exact	blueprint	source=blueprint | CHAP-G NODE G.08 DEPENDS
BP.G.08	BP.G.07	proof-dep	G	DONE	blueprint	from:exact,to:exact	blueprint	source=blueprint | CHAP-G NODE G.08 DEPENDS
BP.G.08	lean:decidedDensity_ge_of_subset	stmt-dep	G	DONE	blueprint	from:exact,to:exact	blueprint	source=blueprint | CHAP-G NODE G.08 DEPENDS landed API
BP.G.08	EFF.HMENU3.11	stmt-dep	G	DONE	blueprint	from:exact,to:exact	blueprint	source=blueprint | CHAP-G NODE G.08 SOURCE (transcription)
BP.G.08	EFF.W11.07	stmt-dep	G	DONE	blueprint	from:exact,to:exact	blueprint	source=blueprint | CHAP-G NODE G.08 SOURCE (transcription)
BP.G.09	EFF.W11.22	stmt-dep	G	DONE	blueprint	from:exact,to:exact	blueprint	source=blueprint | CHAP-G NODE G.09 SOURCE (transcription)
BP.G.09	EFF.W11.26	stmt-dep	G	DONE	blueprint	from:exact,to:exact	blueprint	source=blueprint | CHAP-G NODE G.09 SOURCE (transcription)
BP.G.10	EFF.HEX3.14	stmt-dep	G	DONE	blueprint	from:exact,to:exact	blueprint	source=blueprint | CHAP-G NODE G.10 SOURCE (transcription)
BP.G.10	EFF.W11.20	stmt-dep	G	DONE	blueprint	from:exact,to:exact	blueprint	source=blueprint | CHAP-G NODE G.10 SOURCE (transcription)
BP.G.11	BP.G.02	proof-dep	G	DONE	blueprint	from:exact,to:exact	blueprint	source=blueprint | CHAP-G NODE G.11 DEPENDS
BP.G.11	EFF.W11.20	stmt-dep	G	DONE	blueprint	from:exact,to:exact	blueprint	source=blueprint | CHAP-G NODE G.11 SOURCE (transcription)
BP.G.11	EFF.W11.26	stmt-dep	G	DONE	blueprint	from:exact,to:exact	blueprint	source=blueprint | CHAP-G NODE G.11 SOURCE (transcription)
BP.G.12	EFF.HEX3.16	stmt-dep	G	DONE	blueprint	from:exact,to:exact	blueprint	source=blueprint | CHAP-G NODE G.12 SOURCE (transcription)
BP.G.12	EFF.W11.22	stmt-dep	G	DONE	blueprint	from:exact,to:exact	blueprint	source=blueprint | CHAP-G NODE G.12 SOURCE (transcription)
BP.G.13	BP.G.09	proof-dep	G	DONE	blueprint	from:exact,to:exact	blueprint	source=blueprint | CHAP-G NODE G.13 DEPENDS
BP.G.13	BP.G.12	proof-dep	G	DONE	blueprint	from:exact,to:exact	blueprint	source=blueprint | CHAP-G NODE G.13 DEPENDS
BP.G.13	EFF.W11.22	stmt-dep	G	DONE	blueprint	from:exact,to:exact	blueprint	source=blueprint | CHAP-G NODE G.13 SOURCE (transcription)
BP.G.14	EFF.HEX3.13	stmt-dep	G	DONE	blueprint	from:exact,to:exact	blueprint	source=blueprint | CHAP-G NODE G.14 SOURCE (transcription)
BP.G.14	EFF.W11.14	stmt-dep	G	DONE	blueprint	from:exact,to:exact	blueprint	source=blueprint | CHAP-G NODE G.14 SOURCE (transcription)
BP.G.15	BP.G.14	proof-dep	G	DONE	blueprint	from:exact,to:exact	blueprint	source=blueprint | CHAP-G NODE G.15 DEPENDS
BP.G.15	EFF.HEX3.13	stmt-dep	G	DONE	blueprint	from:exact,to:exact	blueprint	source=blueprint | CHAP-G NODE G.15 SOURCE (transcription)
BP.G.15	EFF.W11.22	stmt-dep	G	DONE	blueprint	from:exact,to:exact	blueprint	source=blueprint | CHAP-G NODE G.15 SOURCE (transcription)
BP.G.16	BP.G.14	proof-dep	G	DONE	blueprint	from:exact,to:exact	blueprint	source=blueprint | CHAP-G NODE G.16 DEPENDS
BP.G.16	BP.G.15	proof-dep	G	DONE	blueprint	from:exact,to:exact	blueprint	source=blueprint | CHAP-G NODE G.16 DEPENDS
BP.G.16	EFF.W11.14	stmt-dep	G	DONE	blueprint	from:exact,to:exact	blueprint	source=blueprint | CHAP-G NODE G.16 SOURCE (transcription)
BP.G.17	BP.G.03	proof-dep	G	DONE	blueprint	from:exact,to:exact	blueprint	source=blueprint | CHAP-G NODE G.17 DEPENDS
BP.G.17	BP.G.04	proof-dep	G	DONE	blueprint	from:exact,to:exact	blueprint	source=blueprint | CHAP-G NODE G.17 DEPENDS
BP.G.17	BP.G.09	proof-dep	G	DONE	blueprint	from:exact,to:exact	blueprint	source=blueprint | CHAP-G NODE G.17 DEPENDS
BP.G.17	BP.G.10	proof-dep	G	DONE	blueprint	from:exact,to:exact	blueprint	source=blueprint | CHAP-G NODE G.17 DEPENDS
BP.G.17	BP.G.11	proof-dep	G	DONE	blueprint	from:exact,to:exact	blueprint	source=blueprint | CHAP-G NODE G.17 DEPENDS
BP.G.17	BP.G.13	proof-dep	G	DONE	blueprint	from:exact,to:exact	blueprint	source=blueprint | CHAP-G NODE G.17 DEPENDS
BP.G.17	BP.G.15	proof-dep	G	DONE	blueprint	from:exact,to:exact	blueprint	source=blueprint | CHAP-G NODE G.17 DEPENDS
BP.G.17	BP.G.16	proof-dep	G	DONE	blueprint	from:exact,to:exact	blueprint	source=blueprint | CHAP-G NODE G.17 DEPENDS
BP.G.17	BP.G.18	proof-dep	G	DONE	blueprint	from:exact,to:exact	blueprint	source=blueprint | CHAP-G NODE G.17 DEPENDS
BP.G.17	lean:card_certSet_gen	stmt-dep	G	DONE	blueprint	from:exact,to:exact	blueprint	source=blueprint | CHAP-G NODE G.17 DEPENDS landed API
BP.G.17	EFF.W11.10	stmt-dep	G	DONE	blueprint	from:exact,to:exact	blueprint	source=blueprint | CHAP-G NODE G.17 SOURCE (transcription)
BP.G.17	EFF.W11.23	stmt-dep	G	DONE	blueprint	from:exact,to:exact	blueprint	source=blueprint | CHAP-G NODE G.17 SOURCE (transcription)
BP.G.17	EFF.W11.26	stmt-dep	G	DONE	blueprint	from:exact,to:exact	blueprint	source=blueprint | CHAP-G NODE G.17 SOURCE (transcription)
BP.G.18	BP.G.03	proof-dep	G	DONE	blueprint	from:exact,to:exact	blueprint	source=blueprint | CHAP-G NODE G.18 DEPENDS
BP.G.18	BP.G.04	proof-dep	G	DONE	blueprint	from:exact,to:exact	blueprint	source=blueprint | CHAP-G NODE G.18 DEPENDS
BP.G.18	BP.G.09	proof-dep	G	DONE	blueprint	from:exact,to:exact	blueprint	source=blueprint | CHAP-G NODE G.18 DEPENDS
BP.G.18	BP.G.10	proof-dep	G	DONE	blueprint	from:exact,to:exact	blueprint	source=blueprint | CHAP-G NODE G.18 DEPENDS
BP.G.18	BP.G.11	proof-dep	G	DONE	blueprint	from:exact,to:exact	blueprint	source=blueprint | CHAP-G NODE G.18 DEPENDS
BP.G.18	BP.G.13	proof-dep	G	DONE	blueprint	from:exact,to:exact	blueprint	source=blueprint | CHAP-G NODE G.18 DEPENDS
BP.G.18	BP.G.15	proof-dep	G	DONE	blueprint	from:exact,to:exact	blueprint	source=blueprint | CHAP-G NODE G.18 DEPENDS
BP.G.19	BP.G.09	proof-dep	G	DONE	blueprint	from:exact,to:exact	blueprint	source=blueprint | CHAP-G NODE G.19 DEPENDS
BP.G.19	EFF.W11.15	stmt-dep	G	DONE	blueprint	from:exact,to:exact	blueprint	source=blueprint | CHAP-G NODE G.19 SOURCE (transcription)
BP.G.20	BP.G.13	proof-dep	G	DONE	blueprint	from:exact,to:exact	blueprint	source=blueprint | CHAP-G NODE G.20 DEPENDS
BP.G.20	BP.G.17	proof-dep	G	DONE	blueprint	from:exact,to:exact	blueprint	source=blueprint | CHAP-G NODE G.20 DEPENDS
BP.G.20	BP.G.19	proof-dep	G	DONE	blueprint	from:exact,to:exact	blueprint	source=blueprint | CHAP-G NODE G.20 DEPENDS
BP.G.20	EFF.W11.09	stmt-dep	G	DONE	blueprint	from:exact,to:exact	blueprint	source=blueprint | CHAP-G NODE G.20 SOURCE (transcription)
BP.G.20	EFF.W11.24	stmt-dep	G	DONE	blueprint	from:exact,to:exact	blueprint	source=blueprint | CHAP-G NODE G.20 SOURCE (transcription)
BP.G.21	EFF.HEX3.13	stmt-dep	G	DONE	blueprint	from:exact,to:exact	blueprint	source=blueprint | CHAP-G NODE G.21 SOURCE (transcription)
BP.G.21	EFF.W11.15	stmt-dep	G	DONE	blueprint	from:exact,to:exact	blueprint	source=blueprint | CHAP-G NODE G.21 SOURCE (transcription)
BP.G.22	BP.G.19	proof-dep	G	DONE	blueprint	from:exact,to:exact	blueprint	source=blueprint | CHAP-G NODE G.22 DEPENDS
BP.G.22	BP.G.21	proof-dep	G	DONE	blueprint	from:exact,to:exact	blueprint	source=blueprint | CHAP-G NODE G.22 DEPENDS
BP.G.22	EFF.W11.15	stmt-dep	G	DONE	blueprint	from:exact,to:exact	blueprint	source=blueprint | CHAP-G NODE G.22 SOURCE (transcription)
BP.G.22	EFF.W11.16	stmt-dep	G	DONE	blueprint	from:exact,to:exact	blueprint	source=blueprint | CHAP-G NODE G.22 SOURCE (transcription)
BP.G.23	BP.G.17	proof-dep	G	OPEN	blueprint	from:exact,to:exact	blueprint	source=blueprint | CHAP-G NODE G.23 DEPENDS
BP.G.23	BP.G.18	proof-dep	G	OPEN	blueprint	from:exact,to:exact	blueprint	source=blueprint | CHAP-G NODE G.23 DEPENDS
BP.G.23	BP.G.20	proof-dep	G	OPEN	blueprint	from:exact,to:exact	blueprint	source=blueprint | CHAP-G NODE G.23 DEPENDS
BP.G.23	BP.G.22	proof-dep	G	OPEN	blueprint	from:exact,to:exact	blueprint	source=blueprint | CHAP-G NODE G.23 DEPENDS
BP.G.23	lean:card_certSet_gen	stmt-dep	G	OPEN	blueprint	from:exact,to:exact	blueprint	source=blueprint | CHAP-G NODE G.23 DEPENDS landed API
BP.G.23	EFF.W11.15	stmt-dep	G	OPEN	blueprint	from:exact,to:exact	blueprint	source=blueprint | CHAP-G NODE G.23 SOURCE (transcription)
BP.G.23	EFF.W11.16	stmt-dep	G	OPEN	blueprint	from:exact,to:exact	blueprint	source=blueprint | CHAP-G NODE G.23 SOURCE (transcription)
BP.G.24	BP.G.09	proof-dep	G	DONE	blueprint	from:exact,to:exact	blueprint	source=blueprint | CHAP-G NODE G.24 DEPENDS
BP.G.24	BP.G.12	proof-dep	G	DONE	blueprint	from:exact,to:exact	blueprint	source=blueprint | CHAP-G NODE G.24 DEPENDS
BP.G.24	BP.G.19	proof-dep	G	DONE	blueprint	from:exact,to:exact	blueprint	source=blueprint | CHAP-G NODE G.24 DEPENDS
BP.G.24	EFF.W11.15	stmt-dep	G	DONE	blueprint	from:exact,to:exact	blueprint	source=blueprint | CHAP-G NODE G.24 SOURCE (transcription)
BP.G.24	EFF.W11.17	stmt-dep	G	DONE	blueprint	from:exact,to:exact	blueprint	source=blueprint | CHAP-G NODE G.24 SOURCE (transcription)
BP.G.25	BP.G.24	proof-dep	G	DONE	blueprint	from:exact,to:exact	blueprint	source=blueprint | CHAP-G NODE G.25 DEPENDS
BP.G.25	EFF.W11.10	stmt-dep	G	DONE	blueprint	from:exact,to:exact	blueprint	source=blueprint | CHAP-G NODE G.25 SOURCE (transcription)
BP.G.25	EFF.W11.15	stmt-dep	G	DONE	blueprint	from:exact,to:exact	blueprint	source=blueprint | CHAP-G NODE G.25 SOURCE (transcription)
BP.G.26	lean:Anisotropic	stmt-dep	G	DONE	blueprint	from:exact,to:exact	blueprint	source=blueprint | CHAP-G NODE G.26 DEPENDS landed API
BP.G.26	EFF.W11.15	stmt-dep	G	DONE	blueprint	from:exact,to:exact	blueprint	source=blueprint | CHAP-G NODE G.26 SOURCE (transcription)
BP.G.27	EFF.W11.15	stmt-dep	G	DONE	blueprint	from:exact,to:exact	blueprint	source=blueprint | CHAP-G NODE G.27 SOURCE (transcription)
BP.G.27	EFF.W11.17	stmt-dep	G	DONE	blueprint	from:exact,to:exact	blueprint	source=blueprint | CHAP-G NODE G.27 SOURCE (transcription)
BP.G.28	BP.G.26	proof-dep	G	DONE	blueprint	from:exact,to:exact	blueprint	source=blueprint | CHAP-G NODE G.28 DEPENDS
BP.G.28	EFF.W11.15	stmt-dep	G	DONE	blueprint	from:exact,to:exact	blueprint	source=blueprint | CHAP-G NODE G.28 SOURCE (transcription)
BP.G.29	BP.G.09	proof-dep	G	DONE	blueprint	from:exact,to:exact	blueprint	source=blueprint | CHAP-G NODE G.29 DEPENDS
BP.G.29	BP.G.12	proof-dep	G	DONE	blueprint	from:exact,to:exact	blueprint	source=blueprint | CHAP-G NODE G.29 DEPENDS
BP.G.29	EFF.W11.22	stmt-dep	G	DONE	blueprint	from:exact,to:exact	blueprint	source=blueprint | CHAP-G NODE G.29 SOURCE (transcription)
BP.G.30	BP.G.19	proof-dep	G	DONE	blueprint	from:exact,to:exact	blueprint	source=blueprint | CHAP-G NODE G.30 DEPENDS
BP.G.30	BP.G.25	proof-dep	G	DONE	blueprint	from:exact,to:exact	blueprint	source=blueprint | CHAP-G NODE G.30 DEPENDS
BP.G.30	BP.G.26	proof-dep	G	DONE	blueprint	from:exact,to:exact	blueprint	source=blueprint | CHAP-G NODE G.30 DEPENDS
BP.G.30	BP.G.27	proof-dep	G	DONE	blueprint	from:exact,to:exact	blueprint	source=blueprint | CHAP-G NODE G.30 DEPENDS
BP.G.30	BP.G.28	proof-dep	G	DONE	blueprint	from:exact,to:exact	blueprint	source=blueprint | CHAP-G NODE G.30 DEPENDS
BP.G.30	EFF.W11.08	stmt-dep	G	DONE	blueprint	from:exact,to:exact	blueprint	source=blueprint | CHAP-G NODE G.30 SOURCE (transcription)
BP.G.30	EFF.W11.15	stmt-dep	G	DONE	blueprint	from:exact,to:exact	blueprint	source=blueprint | CHAP-G NODE G.30 SOURCE (transcription)
BP.G.30	EFF.W11.22	stmt-dep	G	DONE	blueprint	from:exact,to:exact	blueprint	source=blueprint | CHAP-G NODE G.30 SOURCE (transcription)
BP.G.31	BP.G.19	proof-dep	G	DONE	blueprint	from:exact,to:exact	blueprint	source=blueprint | CHAP-G NODE G.31 DEPENDS
BP.G.31	BP.G.29	proof-dep	G	DONE	blueprint	from:exact,to:exact	blueprint	source=blueprint | CHAP-G NODE G.31 DEPENDS
BP.G.31	BP.G.30	proof-dep	G	DONE	blueprint	from:exact,to:exact	blueprint	source=blueprint | CHAP-G NODE G.31 DEPENDS
BP.G.31	EFF.W11.08	stmt-dep	G	DONE	blueprint	from:exact,to:exact	blueprint	source=blueprint | CHAP-G NODE G.31 SOURCE (transcription)
BP.G.31	EFF.W11.10	stmt-dep	G	DONE	blueprint	from:exact,to:exact	blueprint	source=blueprint | CHAP-G NODE G.31 SOURCE (transcription)
BP.G.32	EFF.W11.16	stmt-dep	G	DONE	blueprint	from:exact,to:exact	blueprint	source=blueprint | CHAP-G NODE G.32 SOURCE (transcription)
BP.G.32	EFF.W11.22	stmt-dep	G	DONE	blueprint	from:exact,to:exact	blueprint	source=blueprint | CHAP-G NODE G.32 SOURCE (transcription)
BP.G.33	lean:proj_eq_iff_dvd	stmt-dep	G	DONE	blueprint	from:exact,to:exact	blueprint	source=blueprint | CHAP-G NODE G.33 DEPENDS landed API
BP.G.33	EFF.W11.19	stmt-dep	G	DONE	blueprint	from:exact,to:exact	blueprint	source=blueprint | CHAP-G NODE G.33 SOURCE (transcription)
BP.G.33	EFF.W11.22	stmt-dep	G	DONE	blueprint	from:exact,to:exact	blueprint	source=blueprint | CHAP-G NODE G.33 SOURCE (transcription)
BP.G.34	BP.G.02	proof-dep	G	DONE	blueprint	from:exact,to:exact	blueprint	source=blueprint | CHAP-G NODE G.34 DEPENDS
BP.G.34	BP.G.32	proof-dep	G	DONE	blueprint	from:exact,to:exact	blueprint	source=blueprint | CHAP-G NODE G.34 DEPENDS
BP.G.34	BP.G.33	proof-dep	G	DONE	blueprint	from:exact,to:exact	blueprint	source=blueprint | CHAP-G NODE G.34 DEPENDS
BP.G.34	lean:Anisotropic	stmt-dep	G	DONE	blueprint	from:exact,to:exact	blueprint	source=blueprint | CHAP-G NODE G.34 DEPENDS landed API
BP.G.34	lean:proj_eq_iff_dvd	stmt-dep	G	DONE	blueprint	from:exact,to:exact	blueprint	source=blueprint | CHAP-G NODE G.34 DEPENDS landed API
BP.G.34	EFF.W11.15	stmt-dep	G	DONE	blueprint	from:exact,to:exact	blueprint	source=blueprint | CHAP-G NODE G.34 SOURCE (transcription)
BP.G.34	EFF.W11.22	stmt-dep	G	DONE	blueprint	from:exact,to:exact	blueprint	source=blueprint | CHAP-G NODE G.34 SOURCE (transcription)
BP.G.35	BP.G.09	proof-dep	G	DONE	blueprint	from:exact,to:exact	blueprint	source=blueprint | CHAP-G NODE G.35 DEPENDS
BP.G.35	BP.G.12	proof-dep	G	DONE	blueprint	from:exact,to:exact	blueprint	source=blueprint | CHAP-G NODE G.35 DEPENDS
BP.G.35	BP.G.29	proof-dep	G	DONE	blueprint	from:exact,to:exact	blueprint	source=blueprint | CHAP-G NODE G.35 DEPENDS
BP.G.35	BP.G.33	proof-dep	G	DONE	blueprint	from:exact,to:exact	blueprint	source=blueprint | CHAP-G NODE G.35 DEPENDS
BP.G.35	BP.G.34	proof-dep	G	DONE	blueprint	from:exact,to:exact	blueprint	source=blueprint | CHAP-G NODE G.35 DEPENDS
BP.G.35	EFF.W11.22	stmt-dep	G	DONE	blueprint	from:exact,to:exact	blueprint	source=blueprint | CHAP-G NODE G.35 SOURCE (transcription)
BP.G.35	EFF.W11.26	stmt-dep	G	DONE	blueprint	from:exact,to:exact	blueprint	source=blueprint | CHAP-G NODE G.35 SOURCE (transcription)
BP.G.36	BP.G.17	proof-dep	G	DONE	blueprint	from:exact,to:exact	blueprint	source=blueprint | CHAP-G NODE G.36 DEPENDS
BP.G.36	BP.G.35	proof-dep	G	DONE	blueprint	from:exact,to:exact	blueprint	source=blueprint | CHAP-G NODE G.36 DEPENDS
BP.G.36	EFF.W11.10	stmt-dep	G	DONE	blueprint	from:exact,to:exact	blueprint	source=blueprint | CHAP-G NODE G.36 SOURCE (transcription)
BP.G.36	EFF.W11.26	stmt-dep	G	DONE	blueprint	from:exact,to:exact	blueprint	source=blueprint | CHAP-G NODE G.36 SOURCE (transcription)
BP.G.37	BP.G.36	proof-dep	G	DONE	blueprint	from:exact,to:exact	blueprint	source=blueprint | CHAP-G NODE G.37 DEPENDS
BP.G.37	EFF.W11.10	stmt-dep	G	DONE	blueprint	from:exact,to:exact	blueprint	source=blueprint | CHAP-G NODE G.37 SOURCE (transcription)
BP.G.37	EFF.W11.26	stmt-dep	G	DONE	blueprint	from:exact,to:exact	blueprint	source=blueprint | CHAP-G NODE G.37 SOURCE (transcription)
BP.G.37	EFF.W11.30	stmt-dep	G	DONE	blueprint	from:exact,to:exact	blueprint	source=blueprint | CHAP-G NODE G.37 SOURCE (transcription)
BP.G.38	EFF.W11.16	stmt-dep	G	DONE	blueprint	from:exact,to:exact	blueprint	source=blueprint | CHAP-G NODE G.38 SOURCE (transcription)
BP.G.39	BP.G.38	proof-dep	G	DONE	blueprint	from:exact,to:exact	blueprint	source=blueprint | CHAP-G NODE G.39 DEPENDS
BP.G.39	EFF.W11.16	stmt-dep	G	DONE	blueprint	from:exact,to:exact	blueprint	source=blueprint | CHAP-G NODE G.39 SOURCE (transcription)
BP.G.40	BP.G.38	proof-dep	G	DONE	blueprint	from:exact,to:exact	blueprint	source=blueprint | CHAP-G NODE G.40 DEPENDS
BP.G.40	BP.G.39	proof-dep	G	DONE	blueprint	from:exact,to:exact	blueprint	source=blueprint | CHAP-G NODE G.40 DEPENDS
BP.G.40	EFF.W11.16	stmt-dep	G	DONE	blueprint	from:exact,to:exact	blueprint	source=blueprint | CHAP-G NODE G.40 SOURCE (transcription)
BP.G.41	BP.G.21	proof-dep	G	DONE	blueprint	from:exact,to:exact	blueprint	source=blueprint | CHAP-G NODE G.41 DEPENDS
BP.G.41	BP.G.22	proof-dep	G	DONE	blueprint	from:exact,to:exact	blueprint	source=blueprint | CHAP-G NODE G.41 DEPENDS
BP.G.41	BP.G.23	proof-dep	G	DONE	blueprint	from:exact,to:exact	blueprint	source=blueprint | CHAP-G NODE G.41 DEPENDS
BP.G.41	BP.G.26	proof-dep	G	DONE	blueprint	from:exact,to:exact	blueprint	source=blueprint | CHAP-G NODE G.41 DEPENDS
BP.G.41	BP.G.27	proof-dep	G	DONE	blueprint	from:exact,to:exact	blueprint	source=blueprint | CHAP-G NODE G.41 DEPENDS
BP.G.41	BP.G.31	proof-dep	G	DONE	blueprint	from:exact,to:exact	blueprint	source=blueprint | CHAP-G NODE G.41 DEPENDS
BP.G.41	BP.G.38	proof-dep	G	DONE	blueprint	from:exact,to:exact	blueprint	source=blueprint | CHAP-G NODE G.41 DEPENDS
BP.G.41	lean:card_certSet_gen	stmt-dep	G	DONE	blueprint	from:exact,to:exact	blueprint	source=blueprint | CHAP-G NODE G.41 DEPENDS landed API
BP.G.41	EFF.W11.07	stmt-dep	G	DONE	blueprint	from:exact,to:exact	blueprint	source=blueprint | CHAP-G NODE G.41 SOURCE (transcription)
BP.G.41	EFF.W11.09	stmt-dep	G	DONE	blueprint	from:exact,to:exact	blueprint	source=blueprint | CHAP-G NODE G.41 SOURCE (transcription)
BP.G.41	EFF.W11.16	stmt-dep	G	DONE	blueprint	from:exact,to:exact	blueprint	source=blueprint | CHAP-G NODE G.41 SOURCE (transcription)
BP.G.42	BP.G.21	proof-dep	G	DONE	blueprint	from:exact,to:exact	blueprint	source=blueprint | CHAP-G NODE G.42 DEPENDS
BP.G.42	BP.G.23	proof-dep	G	DONE	blueprint	from:exact,to:exact	blueprint	source=blueprint | CHAP-G NODE G.42 DEPENDS
BP.G.42	BP.G.26	proof-dep	G	DONE	blueprint	from:exact,to:exact	blueprint	source=blueprint | CHAP-G NODE G.42 DEPENDS
BP.G.42	BP.G.28	proof-dep	G	DONE	blueprint	from:exact,to:exact	blueprint	source=blueprint | CHAP-G NODE G.42 DEPENDS
BP.G.42	BP.G.30	proof-dep	G	DONE	blueprint	from:exact,to:exact	blueprint	source=blueprint | CHAP-G NODE G.42 DEPENDS
BP.G.42	BP.G.31	proof-dep	G	DONE	blueprint	from:exact,to:exact	blueprint	source=blueprint | CHAP-G NODE G.42 DEPENDS
BP.G.42	BP.G.39	proof-dep	G	DONE	blueprint	from:exact,to:exact	blueprint	source=blueprint | CHAP-G NODE G.42 DEPENDS
BP.G.42	EFF.W11.09	stmt-dep	G	DONE	blueprint	from:exact,to:exact	blueprint	source=blueprint | CHAP-G NODE G.42 SOURCE (transcription)
BP.G.42	EFF.W11.16	stmt-dep	G	DONE	blueprint	from:exact,to:exact	blueprint	source=blueprint | CHAP-G NODE G.42 SOURCE (transcription)
BP.G.42	EFF.W11.25	stmt-dep	G	DONE	blueprint	from:exact,to:exact	blueprint	source=blueprint | CHAP-G NODE G.42 SOURCE (transcription)
BP.G.43	BP.G.31	proof-dep	G	DONE	blueprint	from:exact,to:exact	blueprint	source=blueprint | CHAP-G NODE G.43 DEPENDS
BP.G.43	BP.G.41	proof-dep	G	DONE	blueprint	from:exact,to:exact	blueprint	source=blueprint | CHAP-G NODE G.43 DEPENDS
BP.G.43	BP.G.42	proof-dep	G	DONE	blueprint	from:exact,to:exact	blueprint	source=blueprint | CHAP-G NODE G.43 DEPENDS
BP.G.43	EFF.W11.10	stmt-dep	G	DONE	blueprint	from:exact,to:exact	blueprint	source=blueprint | CHAP-G NODE G.43 SOURCE (transcription)
BP.G.43	EFF.W11.27	stmt-dep	G	DONE	blueprint	from:exact,to:exact	blueprint	source=blueprint | CHAP-G NODE G.43 SOURCE (transcription)
BP.G.43	EFF.W11.40	stmt-dep	G	DONE	blueprint	from:exact,to:exact	blueprint	source=blueprint | CHAP-G NODE G.43 SOURCE (transcription)
BP.G.44	BP.G.20	proof-dep	G	DONE	blueprint	from:exact,to:exact	blueprint	source=blueprint | CHAP-G NODE G.44 DEPENDS
BP.G.44	BP.G.25	proof-dep	G	DONE	blueprint	from:exact,to:exact	blueprint	source=blueprint | CHAP-G NODE G.44 DEPENDS
BP.G.44	BP.G.31	proof-dep	G	DONE	blueprint	from:exact,to:exact	blueprint	source=blueprint | CHAP-G NODE G.44 DEPENDS
BP.G.44	BP.G.41	proof-dep	G	DONE	blueprint	from:exact,to:exact	blueprint	source=blueprint | CHAP-G NODE G.44 DEPENDS
BP.G.44	EFF.W11.07	stmt-dep	G	DONE	blueprint	from:exact,to:exact	blueprint	source=blueprint | CHAP-G NODE G.44 SOURCE (transcription)
BP.G.44	EFF.W11.09	stmt-dep	G	DONE	blueprint	from:exact,to:exact	blueprint	source=blueprint | CHAP-G NODE G.44 SOURCE (transcription)
BP.G.44	EFF.W11.10	stmt-dep	G	DONE	blueprint	from:exact,to:exact	blueprint	source=blueprint | CHAP-G NODE G.44 SOURCE (transcription)
BP.G.45	EFF.W11.12	stmt-dep	G	DONE	blueprint	from:exact,to:exact	blueprint	source=blueprint | CHAP-G NODE G.45 SOURCE (transcription)
BP.G.45	EFF.W11.27	stmt-dep	G	DONE	blueprint	from:exact,to:exact	blueprint	source=blueprint | CHAP-G NODE G.45 SOURCE (transcription)
BP.G.46	BP.G.44	proof-dep	G	DONE	blueprint	from:exact,to:exact	blueprint	source=blueprint | CHAP-G NODE G.46 DEPENDS
BP.G.46	BP.G.45	proof-dep	G	DONE	blueprint	from:exact,to:exact	blueprint	source=blueprint | CHAP-G NODE G.46 DEPENDS
BP.G.46	EFF.W11.07	stmt-dep	G	DONE	blueprint	from:exact,to:exact	blueprint	source=blueprint | CHAP-G NODE G.46 SOURCE (transcription)
BP.G.46	EFF.W11.10	stmt-dep	G	DONE	blueprint	from:exact,to:exact	blueprint	source=blueprint | CHAP-G NODE G.46 SOURCE (transcription)
BP.G.47	BP.G.43	proof-dep	G	DONE	blueprint	from:exact,to:exact	blueprint	source=blueprint | CHAP-G NODE G.47 DEPENDS
BP.G.47	BP.G.44	proof-dep	G	DONE	blueprint	from:exact,to:exact	blueprint	source=blueprint | CHAP-G NODE G.47 DEPENDS
BP.G.47	BP.G.45	proof-dep	G	DONE	blueprint	from:exact,to:exact	blueprint	source=blueprint | CHAP-G NODE G.47 DEPENDS
BP.G.47	BP.G.46	proof-dep	G	DONE	blueprint	from:exact,to:exact	blueprint	source=blueprint | CHAP-G NODE G.47 DEPENDS
BP.G.47	EFF.W11.10	stmt-dep	G	DONE	blueprint	from:exact,to:exact	blueprint	source=blueprint | CHAP-G NODE G.47 SOURCE (transcription)
BP.G.47	EFF.W11.12	stmt-dep	G	DONE	blueprint	from:exact,to:exact	blueprint	source=blueprint | CHAP-G NODE G.47 SOURCE (transcription)
BP.G.48	BP.G.46	proof-dep	G	DONE	blueprint	from:exact,to:exact	blueprint	source=blueprint | CHAP-G NODE G.48 DEPENDS
BP.G.48	BP.G.47	proof-dep	G	DONE	blueprint	from:exact,to:exact	blueprint	source=blueprint | CHAP-G NODE G.48 DEPENDS
BP.G.48	EFF.W11.10	stmt-dep	G	DONE	blueprint	from:exact,to:exact	blueprint	source=blueprint | CHAP-G NODE G.48 SOURCE (transcription)
BP.G.48	EFF.W11.27	stmt-dep	G	DONE	blueprint	from:exact,to:exact	blueprint	source=blueprint | CHAP-G NODE G.48 SOURCE (transcription)
BP.G.49	BP.G.48	proof-dep	G	DONE	blueprint	from:exact,to:exact	blueprint	source=blueprint | CHAP-G NODE G.49 DEPENDS
BP.G.49	EFF.W11.30	stmt-dep	G	DONE	blueprint	from:exact,to:exact	blueprint	source=blueprint | CHAP-G NODE G.49 SOURCE (transcription)
BP.G.49	EFF.W11.34	stmt-dep	G	DONE	blueprint	from:exact,to:exact	blueprint	source=blueprint | CHAP-G NODE G.49 SOURCE (transcription)
BP.G.50	EFF.W11.10	stmt-dep	G	DONE	blueprint	from:exact,to:exact	blueprint	source=blueprint | CHAP-G NODE G.50 SOURCE (transcription)
BP.G.51	BP.G.48	proof-dep	G	DONE	blueprint	from:exact,to:exact	blueprint	source=blueprint | CHAP-G NODE G.51 DEPENDS
BP.G.51	BP.G.50	proof-dep	G	DONE	blueprint	from:exact,to:exact	blueprint	source=blueprint | CHAP-G NODE G.51 DEPENDS
BP.G.51	lean:UniformityStatement	stmt-dep	G	DONE	blueprint	from:exact,to:exact	blueprint	source=blueprint | CHAP-G NODE G.51 DEPENDS landed API
BP.G.51	EFF.W11.05	stmt-dep	G	DONE	blueprint	from:exact,to:exact	blueprint	source=blueprint | CHAP-G NODE G.51 SOURCE (transcription)
BP.G.51	EFF.W11.32	stmt-dep	G	DONE	blueprint	from:exact,to:exact	blueprint	source=blueprint | CHAP-G NODE G.51 SOURCE (transcription)
BP.G.52	EFF.HMENU3.17	stmt-dep	G	DONE	blueprint	from:exact,to:exact	blueprint	source=blueprint | CHAP-G NODE G.52 SOURCE (transcription)
BP.G.53	BP.G.52	proof-dep	G	DONE	blueprint	from:exact,to:exact	blueprint	source=blueprint | CHAP-G NODE G.53 DEPENDS
BP.G.53	lean:efPair_pos_of_mem	stmt-dep	G	DONE	blueprint	from:exact,to:exact	blueprint	source=blueprint | CHAP-G NODE G.53 DEPENDS landed API
BP.G.53	EFF.HMENU3.17	stmt-dep	G	DONE	blueprint	from:exact,to:exact	blueprint	source=blueprint | CHAP-G NODE G.53 SOURCE (transcription)
BP.G.53	EFF.HMENU3.27	stmt-dep	G	DONE	blueprint	from:exact,to:exact	blueprint	source=blueprint | CHAP-G NODE G.53 SOURCE (transcription)
BP.G.54	BP.G.52	proof-dep	G	DONE	blueprint	from:exact,to:exact	blueprint	source=blueprint | CHAP-G NODE G.54 DEPENDS
BP.G.54	BP.G.53	proof-dep	G	DONE	blueprint	from:exact,to:exact	blueprint	source=blueprint | CHAP-G NODE G.54 DEPENDS
BP.G.54	lean:genuineDensity_eq_zero_of_forall_ne	stmt-dep	G	DONE	blueprint	from:exact,to:exact	blueprint	source=blueprint | CHAP-G NODE G.54 DEPENDS landed API
BP.G.54	EFF.HMENU3.14	stmt-dep	G	DONE	blueprint	from:exact,to:exact	blueprint	source=blueprint | CHAP-G NODE G.54 SOURCE (transcription)
BP.G.54	EFF.HMENU3.17	stmt-dep	G	DONE	blueprint	from:exact,to:exact	blueprint	source=blueprint | CHAP-G NODE G.54 SOURCE (transcription)
BP.G.55	BP.G.52	proof-dep	G	DONE	blueprint	from:exact,to:exact	blueprint	source=blueprint | CHAP-G NODE G.55 DEPENDS
BP.G.55	lean:exists_monic_factorization_finset	stmt-dep	G	DONE	blueprint	from:exact,to:exact	blueprint	source=blueprint | CHAP-G NODE G.55 DEPENDS landed API
BP.G.55	lean:typeOf_mul	stmt-dep	G	DONE	blueprint	from:exact,to:exact	blueprint	source=blueprint | CHAP-G NODE G.55 DEPENDS landed API
BP.G.55	lean:typeOf_prod_X_sub_C	stmt-dep	G	DONE	blueprint	from:exact,to:exact	blueprint	source=blueprint | CHAP-G NODE G.55 DEPENDS landed API
BP.G.55	EFF.HMENU3.27	stmt-dep	G	DONE	blueprint	from:exact,to:exact	blueprint	source=blueprint | CHAP-G NODE G.55 SOURCE (transcription)
BP.G.56	BP.G.52	proof-dep	G	DONE	blueprint	from:exact,to:exact	blueprint	source=blueprint | CHAP-G NODE G.56 DEPENDS
BP.G.56	lean:typeOf_inert_of_irreducible_map	stmt-dep	G	DONE	blueprint	from:exact,to:exact	blueprint	source=blueprint | CHAP-G NODE G.56 DEPENDS landed API
BP.G.56	lean:typeOf_mul	stmt-dep	G	DONE	blueprint	from:exact,to:exact	blueprint	source=blueprint | CHAP-G NODE G.56 DEPENDS landed API
BP.G.56	lean:typeOf_of_residual_coprime	stmt-dep	G	DONE	blueprint	from:exact,to:exact	blueprint	source=blueprint | CHAP-G NODE G.56 DEPENDS landed API
BP.G.56	EFF.HMENU3.17	stmt-dep	G	DONE	blueprint	from:exact,to:exact	blueprint	source=blueprint | CHAP-G NODE G.56 SOURCE (transcription)
BP.G.56	EFF.HMENU3.27	stmt-dep	G	DONE	blueprint	from:exact,to:exact	blueprint	source=blueprint | CHAP-G NODE G.56 SOURCE (transcription)
BP.G.57	BP.G.52	proof-dep	G	DONE	blueprint	from:exact,to:exact	blueprint	source=blueprint | CHAP-G NODE G.57 DEPENDS
BP.G.57	lean:typeOf_inert_of_irreducible_map	stmt-dep	G	DONE	blueprint	from:exact,to:exact	blueprint	source=blueprint | CHAP-G NODE G.57 DEPENDS landed API
BP.G.57	EFF.HMENU3.17	stmt-dep	G	DONE	blueprint	from:exact,to:exact	blueprint	source=blueprint | CHAP-G NODE G.57 SOURCE (transcription)
BP.G.57	EFF.HMENU3.27	stmt-dep	G	DONE	blueprint	from:exact,to:exact	blueprint	source=blueprint | CHAP-G NODE G.57 SOURCE (transcription)
BP.G.58	BP.G.52	proof-dep	G	DONE	blueprint	from:exact,to:exact	blueprint	source=blueprint | CHAP-G NODE G.58 DEPENDS
BP.G.58	lean:typeOf_eisenstein	stmt-dep	G	DONE	blueprint	from:exact,to:exact	blueprint	source=blueprint | CHAP-G NODE G.58 DEPENDS landed API
BP.G.58	EFF.HEX3.13	stmt-dep	G	DONE	blueprint	from:exact,to:exact	blueprint	source=blueprint | CHAP-G NODE G.58 SOURCE (transcription)
BP.G.58	EFF.HMENU3.17	stmt-dep	G	DONE	blueprint	from:exact,to:exact	blueprint	source=blueprint | CHAP-G NODE G.58 SOURCE (transcription)
BP.G.59	BP.G.52	proof-dep	G	DONE	blueprint	from:exact,to:exact	blueprint	source=blueprint | CHAP-G NODE G.59 DEPENDS
BP.G.59	lean:typeOf_mul	stmt-dep	G	DONE	blueprint	from:exact,to:exact	blueprint	source=blueprint | CHAP-G NODE G.59 DEPENDS landed API
BP.G.59	lean:typeOf_of_residual_coprime	stmt-dep	G	DONE	blueprint	from:exact,to:exact	blueprint	source=blueprint | CHAP-G NODE G.59 DEPENDS landed API
BP.G.59	EFF.HMENU3.09	stmt-dep	G	DONE	blueprint	from:exact,to:exact	blueprint	source=blueprint | CHAP-G NODE G.59 SOURCE (transcription)
BP.G.59	EFF.HMENU3.17	stmt-dep	G	DONE	blueprint	from:exact,to:exact	blueprint	source=blueprint | CHAP-G NODE G.59 SOURCE (transcription)
BP.G.60	BP.G.38	proof-dep	G	DONE	blueprint	from:exact,to:exact	blueprint	source=blueprint | CHAP-G NODE G.60 DEPENDS
BP.G.60	EFF.HMENU3.17	stmt-dep	G	DONE	blueprint	from:exact,to:exact	blueprint	source=blueprint | CHAP-G NODE G.60 SOURCE (transcription)
BP.G.60	EFF.HMENU3.27	stmt-dep	G	DONE	blueprint	from:exact,to:exact	blueprint	source=blueprint | CHAP-G NODE G.60 SOURCE (transcription)
BP.G.61	BP.G.55	proof-dep	G	DONE	blueprint	from:exact,to:exact	blueprint	source=blueprint | CHAP-G NODE G.61 DEPENDS
BP.G.61	BP.G.60	proof-dep	G	DONE	blueprint	from:exact,to:exact	blueprint	source=blueprint | CHAP-G NODE G.61 DEPENDS
BP.G.61	BP.G.74	proof-dep	G	DONE	blueprint	from:exact,to:exact	blueprint	source=blueprint | CHAP-G NODE G.61 DEPENDS
BP.G.61	lean:decidedAt_of_congr	stmt-dep	G	DONE	blueprint	from:exact,to:exact	blueprint	source=blueprint | CHAP-G NODE G.61 DEPENDS landed API
BP.G.61	lean:decidedDensity_ge_of_subset	stmt-dep	G	DONE	blueprint	from:exact,to:exact	blueprint	source=blueprint | CHAP-G NODE G.61 DEPENDS landed API
BP.G.61	lean:proj_eq_iff_dvd	stmt-dep	G	DONE	blueprint	from:exact,to:exact	blueprint	source=blueprint | CHAP-G NODE G.61 DEPENDS landed API
BP.G.61	EFF.HMENU3.17	stmt-dep	G	DONE	blueprint	from:exact,to:exact	blueprint	source=blueprint | CHAP-G NODE G.61 SOURCE (transcription)
BP.G.61	EFF.HMENU3.27	stmt-dep	G	DONE	blueprint	from:exact,to:exact	blueprint	source=blueprint | CHAP-G NODE G.61 SOURCE (transcription)
BP.G.62	EFF.HMENU3.09	stmt-dep	G	DONE	blueprint	from:exact,to:exact	blueprint	source=blueprint | CHAP-G NODE G.62 SOURCE (transcription)
BP.G.62	EFF.HMENU3.11	stmt-dep	G	DONE	blueprint	from:exact,to:exact	blueprint	source=blueprint | CHAP-G NODE G.62 SOURCE (transcription)
BP.G.62	EFF.HMENU3.62	stmt-dep	G	DONE	blueprint	from:exact,to:exact	blueprint	source=blueprint | CHAP-G NODE G.62 SOURCE (transcription)
BP.G.62	EFF.HMENU3.67	stmt-dep	G	DONE	blueprint	from:exact,to:exact	blueprint	source=blueprint | CHAP-G NODE G.62 SOURCE (transcription)
BP.G.62	EFF.HMENU3.69	stmt-dep	G	DONE	blueprint	from:exact,to:exact	blueprint	source=blueprint | CHAP-G NODE G.62 SOURCE (transcription)
BP.G.63	BP.G.62	proof-dep	G	DONE	blueprint	from:exact,to:exact	blueprint	source=blueprint | CHAP-G NODE G.63 DEPENDS
BP.G.63	EFF.HMENU3.67	stmt-dep	G	DONE	blueprint	from:exact,to:exact	blueprint	source=blueprint | CHAP-G NODE G.63 SOURCE (transcription)
BP.G.63	EFF.HMENU3.69	stmt-dep	G	DONE	blueprint	from:exact,to:exact	blueprint	source=blueprint | CHAP-G NODE G.63 SOURCE (transcription)
BP.G.64	EFF.HEX3.26	stmt-dep	G	DONE	blueprint	from:exact,to:exact	blueprint	source=blueprint | CHAP-G NODE G.64 SOURCE (transcription)
BP.G.64	EFF.W11.25	stmt-dep	G	DONE	blueprint	from:exact,to:exact	blueprint	source=blueprint | CHAP-G NODE G.64 SOURCE (transcription)
BP.G.64	EFF.W11.30	stmt-dep	G	DONE	blueprint	from:exact,to:exact	blueprint	source=blueprint | CHAP-G NODE G.64 SOURCE (transcription)
BP.G.64	EFF.W11.33	stmt-dep	G	DONE	blueprint	from:exact,to:exact	blueprint	source=blueprint | CHAP-G NODE G.64 SOURCE (transcription)
BP.G.65	BP.G.64	proof-dep	G	DONE	blueprint	from:exact,to:exact	blueprint	source=blueprint | CHAP-G NODE G.65 DEPENDS
BP.G.65	EFF.HEX3.27	stmt-dep	G	DONE	blueprint	from:exact,to:exact	blueprint	source=blueprint | CHAP-G NODE G.65 SOURCE (transcription)
BP.G.66	BP.G.64	proof-dep	G	DONE	blueprint	from:exact,to:exact	blueprint	source=blueprint | CHAP-G NODE G.66 DEPENDS
BP.G.66	EFF.HEX3.08	stmt-dep	G	DONE	blueprint	from:exact,to:exact	blueprint	source=blueprint | CHAP-G NODE G.66 SOURCE (transcription)
BP.G.66	EFF.HEX3.12	stmt-dep	G	DONE	blueprint	from:exact,to:exact	blueprint	source=blueprint | CHAP-G NODE G.66 SOURCE (transcription)
BP.G.66	EFF.HEX3.41	stmt-dep	G	DONE	blueprint	from:exact,to:exact	blueprint	source=blueprint | CHAP-G NODE G.66 SOURCE (transcription)
BP.G.67	BP.G.64	proof-dep	G	DONE	blueprint	from:exact,to:exact	blueprint	source=blueprint | CHAP-G NODE G.67 DEPENDS
BP.G.67	BP.G.66	proof-dep	G	DONE	blueprint	from:exact,to:exact	blueprint	source=blueprint | CHAP-G NODE G.67 DEPENDS
BP.G.67	EFF.HEX3.29	stmt-dep	G	DONE	blueprint	from:exact,to:exact	blueprint	source=blueprint | CHAP-G NODE G.67 SOURCE (transcription)
BP.G.67	EFF.HEX3.30	stmt-dep	G	DONE	blueprint	from:exact,to:exact	blueprint	source=blueprint | CHAP-G NODE G.67 SOURCE (transcription)
BP.G.68	BP.G.64	proof-dep	G	DONE	blueprint	from:exact,to:exact	blueprint	source=blueprint | CHAP-G NODE G.68 DEPENDS
BP.G.68	EFF.HEX3.31	stmt-dep	G	DONE	blueprint	from:exact,to:exact	blueprint	source=blueprint | CHAP-G NODE G.68 SOURCE (transcription)
BP.G.69	BP.G.64	proof-dep	G	DONE	blueprint	from:exact,to:exact	blueprint	source=blueprint | CHAP-G NODE G.69 DEPENDS
BP.G.69	BP.G.66	proof-dep	G	DONE	blueprint	from:exact,to:exact	blueprint	source=blueprint | CHAP-G NODE G.69 DEPENDS
BP.G.69	BP.G.68	proof-dep	G	DONE	blueprint	from:exact,to:exact	blueprint	source=blueprint | CHAP-G NODE G.69 DEPENDS
BP.G.69	EFF.HEX3.09	stmt-dep	G	DONE	blueprint	from:exact,to:exact	blueprint	source=blueprint | CHAP-G NODE G.69 SOURCE (transcription)
BP.G.69	EFF.HEX3.31	stmt-dep	G	DONE	blueprint	from:exact,to:exact	blueprint	source=blueprint | CHAP-G NODE G.69 SOURCE (transcription)
BP.G.70	BP.G.69	proof-dep	G	DONE	blueprint	from:exact,to:exact	blueprint	source=blueprint | CHAP-G NODE G.70 DEPENDS
BP.G.70	EFF.HEX3.09	stmt-dep	G	DONE	blueprint	from:exact,to:exact	blueprint	source=blueprint | CHAP-G NODE G.70 SOURCE (transcription)
BP.G.71	BP.G.66	proof-dep	G	DONE	blueprint	from:exact,to:exact	blueprint	source=blueprint | CHAP-G NODE G.71 DEPENDS
BP.G.71	BP.G.70	proof-dep	G	DONE	blueprint	from:exact,to:exact	blueprint	source=blueprint | CHAP-G NODE G.71 DEPENDS
BP.G.71	lean:drainage_of_undecided_comp	stmt-dep	G	DONE	blueprint	from:exact,to:exact	blueprint	source=blueprint | CHAP-G NODE G.71 DEPENDS landed API
BP.G.71	EFF.HEX3.06	stmt-dep	G	DONE	blueprint	from:exact,to:exact	blueprint	source=blueprint | CHAP-G NODE G.71 SOURCE (transcription)
BP.G.71	EFF.HEX3.09	stmt-dep	G	DONE	blueprint	from:exact,to:exact	blueprint	source=blueprint | CHAP-G NODE G.71 SOURCE (transcription)
BP.G.71	EFF.HMENU3.29	stmt-dep	G	DONE	blueprint	from:exact,to:exact	blueprint	source=blueprint | CHAP-G NODE G.71 SOURCE (transcription)
BP.G.72	BP.G.52	proof-dep	G	DONE	blueprint	from:exact,to:exact	blueprint	source=blueprint | CHAP-G NODE G.72 DEPENDS
BP.G.72	BP.G.53	proof-dep	G	DONE	blueprint	from:exact,to:exact	blueprint	source=blueprint | CHAP-G NODE G.72 DEPENDS
BP.G.72	BP.G.54	proof-dep	G	DONE	blueprint	from:exact,to:exact	blueprint	source=blueprint | CHAP-G NODE G.72 DEPENDS
BP.G.72	EFF.HMENU3.17	stmt-dep	G	DONE	blueprint	from:exact,to:exact	blueprint	source=blueprint | CHAP-G NODE G.72 SOURCE (transcription)
BP.G.72	EFF.HMENU3.31	stmt-dep	G	DONE	blueprint	from:exact,to:exact	blueprint	source=blueprint | CHAP-G NODE G.72 SOURCE (transcription)
BP.G.73	EFF.HEX3.02	stmt-dep	G	DONE	blueprint	from:exact,to:exact	blueprint	source=blueprint | CHAP-G NODE G.73 SOURCE (transcription)
BP.G.73	EFF.HEX3.07	stmt-dep	G	DONE	blueprint	from:exact,to:exact	blueprint	source=blueprint | CHAP-G NODE G.73 SOURCE (transcription)
BP.G.74	BP.G.52	proof-dep	G	DONE	blueprint	from:exact,to:exact	blueprint	source=blueprint | CHAP-G NODE G.74 DEPENDS
BP.G.74	BP.G.73	proof-dep	G	DONE	blueprint	from:exact,to:exact	blueprint	source=blueprint | CHAP-G NODE G.74 DEPENDS
BP.G.74	lean:proj_eq_iff_dvd	stmt-dep	G	DONE	blueprint	from:exact,to:exact	blueprint	source=blueprint | CHAP-G NODE G.74 DEPENDS landed API
BP.G.74	lean:typeOf_mul	stmt-dep	G	DONE	blueprint	from:exact,to:exact	blueprint	source=blueprint | CHAP-G NODE G.74 DEPENDS landed API
BP.G.74	lean:typeOf_prod_X_sub_C	stmt-dep	G	DONE	blueprint	from:exact,to:exact	blueprint	source=blueprint | CHAP-G NODE G.74 DEPENDS landed API
BP.G.74	EFF.HEX3.37	stmt-dep	G	DONE	blueprint	from:exact,to:exact	blueprint	source=blueprint | CHAP-G NODE G.74 SOURCE (transcription)
BP.G.75	BP.G.52	proof-dep	G	DONE	blueprint	from:exact,to:exact	blueprint	source=blueprint | CHAP-G NODE G.75 DEPENDS
BP.G.75	BP.G.58	proof-dep	G	DONE	blueprint	from:exact,to:exact	blueprint	source=blueprint | CHAP-G NODE G.75 DEPENDS
BP.G.75	BP.G.59	proof-dep	G	DONE	blueprint	from:exact,to:exact	blueprint	source=blueprint | CHAP-G NODE G.75 DEPENDS
BP.G.75	BP.G.73	proof-dep	G	DONE	blueprint	from:exact,to:exact	blueprint	source=blueprint | CHAP-G NODE G.75 DEPENDS
BP.G.75	lean:exists_monic_scaleRoots	stmt-dep	G	DONE	blueprint	from:exact,to:exact	blueprint	source=blueprint | CHAP-G NODE G.75 DEPENDS landed API
BP.G.75	lean:typeOf_eisenstein	stmt-dep	G	DONE	blueprint	from:exact,to:exact	blueprint	source=blueprint | CHAP-G NODE G.75 DEPENDS landed API
BP.G.75	lean:typeOf_mul	stmt-dep	G	DONE	blueprint	from:exact,to:exact	blueprint	source=blueprint | CHAP-G NODE G.75 DEPENDS landed API
BP.G.75	lean:typeOf_of_residual_coprime	stmt-dep	G	DONE	blueprint	from:exact,to:exact	blueprint	source=blueprint | CHAP-G NODE G.75 DEPENDS landed API
BP.G.75	lean:typeOf_scale	stmt-dep	G	DONE	blueprint	from:exact,to:exact	blueprint	source=blueprint | CHAP-G NODE G.75 DEPENDS landed API
BP.G.75	EFF.HEX3.07	stmt-dep	G	DONE	blueprint	from:exact,to:exact	blueprint	source=blueprint | CHAP-G NODE G.75 SOURCE (transcription)
BP.G.75	EFF.HEX3.37	stmt-dep	G	DONE	blueprint	from:exact,to:exact	blueprint	source=blueprint | CHAP-G NODE G.75 SOURCE (transcription)
BP.G.75	EFF.HMENU3.17	stmt-dep	G	DONE	blueprint	from:exact,to:exact	blueprint	source=blueprint | CHAP-G NODE G.75 SOURCE (transcription)
BP.G.76	BP.G.52	proof-dep	G	DONE	blueprint	from:exact,to:exact	blueprint	source=blueprint | CHAP-G NODE G.76 DEPENDS
BP.G.76	BP.G.73	proof-dep	G	DONE	blueprint	from:exact,to:exact	blueprint	source=blueprint | CHAP-G NODE G.76 DEPENDS
BP.G.76	BP.G.74	proof-dep	G	DONE	blueprint	from:exact,to:exact	blueprint	source=blueprint | CHAP-G NODE G.76 DEPENDS
BP.G.76	BP.G.75	proof-dep	G	DONE	blueprint	from:exact,to:exact	blueprint	source=blueprint | CHAP-G NODE G.76 DEPENDS
BP.G.76	EFF.HEX3.07	stmt-dep	G	DONE	blueprint	from:exact,to:exact	blueprint	source=blueprint | CHAP-G NODE G.76 SOURCE (transcription)
BP.G.76	EFF.HEX3.09	stmt-dep	G	DONE	blueprint	from:exact,to:exact	blueprint	source=blueprint | CHAP-G NODE G.76 SOURCE (transcription)
BP.G.76	EFF.HEX3.37	stmt-dep	G	DONE	blueprint	from:exact,to:exact	blueprint	source=blueprint | CHAP-G NODE G.76 SOURCE (transcription)
BP.G.77	BP.G.61	proof-dep	G	DONE	blueprint	from:exact,to:exact	blueprint	source=blueprint | CHAP-G NODE G.77 DEPENDS
BP.G.77	EFF.HMENU3.18	stmt-dep	G	DONE	blueprint	from:exact,to:exact	blueprint	source=blueprint | CHAP-G NODE G.77 SOURCE (transcription)
CAP:UniformityStatement	BP.G.51	stmt-dep	G	OPEN	blueprint	from:exact,to:exact	blueprint	source=blueprint | CHAP-G NODE G.51 is the n=2 slice of the capstone
BP.G.71	HYP.29	stmt-dep	G	DONE	blueprint	from:exact,to:exact	blueprint	source=blueprint | CHAP-G NODE G.71 names the (hExhaust-3) frontier as its hypothesis
BP.G.72	HYP.28	stmt-dep	G	DONE	blueprint	from:exact,to:exact	blueprint	source=blueprint | CHAP-G NODE G.72 is the type-level shadow of (hMenu-3); see honesty H-3
BP.G.76	HYP.137	stmt-dep	G	DONE	blueprint	from:exact,to:exact	blueprint	source=blueprint | CHAP-G NODE G.76 proves the LOWER half of HEX3-BOX-1 bracket; the tail-sigma lemma is a NON-NODE (honesty H-2)
BP.G.36	HYP.27	stmt-dep	G	DONE	blueprint	from:exact,to:exact	blueprint	source=blueprint | CHAP-G NODE G.36 discharges (A2) drainage at n=2 with the exact rate
