BP.B.01	EFF.W12.s1of2.23	stmt-dep	B	OPEN	blueprint	from:exact,to:exact	blueprint	source=blueprint | CHAP-B NODE B.01 SOURCE (transcription); contiguous EFF.W12.23 (merged 2026-08-14) — remap mechanical per GC-12/H-9
BP.B.01	EFF.HE6.08	stmt-dep	B	OPEN	blueprint	from:exact,to:exact	blueprint	source=blueprint | CHAP-B NODE B.01 SOURCE (transcription)
BP.B.02	EFF.W12.s1of2.23	stmt-dep	B	OPEN	blueprint	from:exact,to:exact	blueprint	source=blueprint | CHAP-B NODE B.02 SOURCE (transcription); contiguous EFF.W12.23 (merged 2026-08-14) — remap mechanical per GC-12/H-9
BP.B.02	EFF.HE3.13	stmt-dep	B	OPEN	blueprint	from:exact,to:exact	blueprint	source=blueprint | CHAP-B NODE B.02 SOURCE (transcription)
BP.B.02	EFF.HE6.10	stmt-dep	B	OPEN	blueprint	from:exact,to:exact	blueprint	source=blueprint | CHAP-B NODE B.02 SOURCE (transcription)
BP.B.03	BP.B.02	proof-dep	B	OPEN	blueprint	from:exact,to:exact	blueprint	source=blueprint | CHAP-B NODE B.03 DEPENDS
BP.B.03	EFF.W12.s1of2.23	stmt-dep	B	OPEN	blueprint	from:exact,to:exact	blueprint	source=blueprint | CHAP-B NODE B.03 SOURCE (transcription); contiguous EFF.W12.23 (merged 2026-08-14) — remap mechanical per GC-12/H-9
BP.B.03	EFF.HE3.13	stmt-dep	B	OPEN	blueprint	from:exact,to:exact	blueprint	source=blueprint | CHAP-B NODE B.03 SOURCE (transcription)
BP.B.03	EFF.HE6.10	stmt-dep	B	OPEN	blueprint	from:exact,to:exact	blueprint	source=blueprint | CHAP-B NODE B.03 SOURCE (transcription)
BP.B.04	BP.B.02	proof-dep	B	OPEN	blueprint	from:exact,to:exact	blueprint	source=blueprint | CHAP-B NODE B.04 DEPENDS
BP.B.04	BP.B.03	proof-dep	B	OPEN	blueprint	from:exact,to:exact	blueprint	source=blueprint | CHAP-B NODE B.04 DEPENDS
BP.B.04	EFF.W12.s1of2.23	stmt-dep	B	OPEN	blueprint	from:exact,to:exact	blueprint	source=blueprint | CHAP-B NODE B.04 SOURCE (transcription); contiguous EFF.W12.23 (merged 2026-08-14) — remap mechanical per GC-12/H-9
BP.B.04	EFF.HE3.13	stmt-dep	B	OPEN	blueprint	from:exact,to:exact	blueprint	source=blueprint | CHAP-B NODE B.04 SOURCE (transcription)
BP.B.05	BP.B.02	proof-dep	B	OPEN	blueprint	from:exact,to:exact	blueprint	source=blueprint | CHAP-B NODE B.05 DEPENDS
BP.B.05	BP.B.04	proof-dep	B	OPEN	blueprint	from:exact,to:exact	blueprint	source=blueprint | CHAP-B NODE B.05 DEPENDS
BP.B.05	EFF.W12.s1of2.23	stmt-dep	B	OPEN	blueprint	from:exact,to:exact	blueprint	source=blueprint | CHAP-B NODE B.05 SOURCE (transcription); contiguous EFF.W12.23 (merged 2026-08-14) — remap mechanical per GC-12/H-9
BP.B.05	EFF.HE3.13	stmt-dep	B	OPEN	blueprint	from:exact,to:exact	blueprint	source=blueprint | CHAP-B NODE B.05 SOURCE (transcription)
BP.B.05	EFF.HE6.10	stmt-dep	B	OPEN	blueprint	from:exact,to:exact	blueprint	source=blueprint | CHAP-B NODE B.05 SOURCE (transcription)
BP.B.06	BP.B.02	proof-dep	B	OPEN	blueprint	from:exact,to:exact	blueprint	source=blueprint | CHAP-B NODE B.06 DEPENDS
BP.B.06	BP.B.03	proof-dep	B	OPEN	blueprint	from:exact,to:exact	blueprint	source=blueprint | CHAP-B NODE B.06 DEPENDS
BP.B.06	EFF.W12.s1of2.23	stmt-dep	B	OPEN	blueprint	from:exact,to:exact	blueprint	source=blueprint | CHAP-B NODE B.06 SOURCE (transcription); contiguous EFF.W12.23 (merged 2026-08-14) — remap mechanical per GC-12/H-9
BP.B.07	EFF.HE6.10	stmt-dep	B	OPEN	blueprint	from:exact,to:exact	blueprint	source=blueprint | CHAP-B NODE B.07 SOURCE (transcription)
BP.B.07	EFF.W12.s1of2.23	stmt-dep	B	OPEN	blueprint	from:exact,to:exact	blueprint	source=blueprint | CHAP-B NODE B.07 SOURCE (transcription); contiguous EFF.W12.23 (merged 2026-08-14) — remap mechanical per GC-12/H-9
BP.B.08	BP.B.07	proof-dep	B	OPEN	blueprint	from:exact,to:exact	blueprint	source=blueprint | CHAP-B NODE B.08 DEPENDS
BP.B.08	EFF.HE6.10	stmt-dep	B	OPEN	blueprint	from:exact,to:exact	blueprint	source=blueprint | CHAP-B NODE B.08 SOURCE (transcription)
BP.B.08	EFF.W12.s1of2.23	stmt-dep	B	OPEN	blueprint	from:exact,to:exact	blueprint	source=blueprint | CHAP-B NODE B.08 SOURCE (transcription); contiguous EFF.W12.23 (merged 2026-08-14) — remap mechanical per GC-12/H-9
BP.B.09	BP.B.07	proof-dep	B	OPEN	blueprint	from:exact,to:exact	blueprint	source=blueprint | CHAP-B NODE B.09 DEPENDS
BP.B.09	BP.B.08	proof-dep	B	OPEN	blueprint	from:exact,to:exact	blueprint	source=blueprint | CHAP-B NODE B.09 DEPENDS
BP.B.09	EFF.HE6.06	stmt-dep	B	OPEN	blueprint	from:exact,to:exact	blueprint	source=blueprint | CHAP-B NODE B.09 SOURCE (transcription)
BP.B.09	EFF.HE3.31	stmt-dep	B	OPEN	blueprint	from:exact,to:exact	blueprint	source=blueprint | CHAP-B NODE B.09 SOURCE (transcription)
BP.B.10	BP.B.02	proof-dep	B	OPEN	blueprint	from:exact,to:exact	blueprint	source=blueprint | CHAP-B NODE B.10 DEPENDS
BP.B.10	BP.B.08	proof-dep	B	OPEN	blueprint	from:exact,to:exact	blueprint	source=blueprint | CHAP-B NODE B.10 DEPENDS
BP.B.10	EFF.W12.s1of2.23	stmt-dep	B	OPEN	blueprint	from:exact,to:exact	blueprint	source=blueprint | CHAP-B NODE B.10 SOURCE (transcription); contiguous EFF.W12.23 (merged 2026-08-14) — remap mechanical per GC-12/H-9
BP.B.10	EFF.HE3.27	stmt-dep	B	OPEN	blueprint	from:exact,to:exact	blueprint	source=blueprint | CHAP-B NODE B.10 SOURCE (transcription)
BP.B.11	BP.B.02	proof-dep	B	OPEN	blueprint	from:exact,to:exact	blueprint	source=blueprint | CHAP-B NODE B.11 DEPENDS
BP.B.11	BP.B.07	proof-dep	B	OPEN	blueprint	from:exact,to:exact	blueprint	source=blueprint | CHAP-B NODE B.11 DEPENDS
BP.B.11	EFF.HE3.13	stmt-dep	B	OPEN	blueprint	from:exact,to:exact	blueprint	source=blueprint | CHAP-B NODE B.11 SOURCE (transcription)
BP.B.11	EFF.HE6.10	stmt-dep	B	OPEN	blueprint	from:exact,to:exact	blueprint	source=blueprint | CHAP-B NODE B.11 SOURCE (transcription)
BP.B.11	EFF.W12.s1of2.23	stmt-dep	B	OPEN	blueprint	from:exact,to:exact	blueprint	source=blueprint | CHAP-B NODE B.11 SOURCE (transcription); contiguous EFF.W12.23 (merged 2026-08-14) — remap mechanical per GC-12/H-9
BP.B.12	BP.B.04	proof-dep	B	OPEN	blueprint	from:exact,to:exact	blueprint	source=blueprint | CHAP-B NODE B.12 DEPENDS
BP.B.12	BP.B.08	proof-dep	B	OPEN	blueprint	from:exact,to:exact	blueprint	source=blueprint | CHAP-B NODE B.12 DEPENDS
BP.B.12	BP.B.11	proof-dep	B	OPEN	blueprint	from:exact,to:exact	blueprint	source=blueprint | CHAP-B NODE B.12 DEPENDS
BP.B.12	EFF.HE6.09	stmt-dep	B	OPEN	blueprint	from:exact,to:exact	blueprint	source=blueprint | CHAP-B NODE B.12 SOURCE (transcription)
BP.B.13	BP.B.02	proof-dep	B	OPEN	blueprint	from:exact,to:exact	blueprint	source=blueprint | CHAP-B NODE B.13 DEPENDS
BP.B.13	BP.B.03	proof-dep	B	OPEN	blueprint	from:exact,to:exact	blueprint	source=blueprint | CHAP-B NODE B.13 DEPENDS
BP.B.13	BP.B.11	proof-dep	B	OPEN	blueprint	from:exact,to:exact	blueprint	source=blueprint | CHAP-B NODE B.13 DEPENDS
BP.B.13	EFF.HE3.13	stmt-dep	B	OPEN	blueprint	from:exact,to:exact	blueprint	source=blueprint | CHAP-B NODE B.13 SOURCE (transcription)
BP.B.13	EFF.HE6.10	stmt-dep	B	OPEN	blueprint	from:exact,to:exact	blueprint	source=blueprint | CHAP-B NODE B.13 SOURCE (transcription)
BP.B.13	EFF.W12.s1of2.23	stmt-dep	B	OPEN	blueprint	from:exact,to:exact	blueprint	source=blueprint | CHAP-B NODE B.13 SOURCE (transcription); contiguous EFF.W12.23 (merged 2026-08-14) — remap mechanical per GC-12/H-9
BP.B.14	BP.B.11	proof-dep	B	OPEN	blueprint	from:exact,to:exact	blueprint	source=blueprint | CHAP-B NODE B.14 DEPENDS
BP.B.14	EFF.HE3.31	stmt-dep	B	OPEN	blueprint	from:exact,to:exact	blueprint	source=blueprint | CHAP-B NODE B.14 SOURCE (transcription)
BP.B.14	EFF.HE6.17	stmt-dep	B	OPEN	blueprint	from:exact,to:exact	blueprint	source=blueprint | CHAP-B NODE B.14 SOURCE (transcription)
BP.B.14	EFF.HE6.30	stmt-dep	B	OPEN	blueprint	from:exact,to:exact	blueprint	source=blueprint | CHAP-B NODE B.14 SOURCE (transcription)
BP.B.14	EFF.HE3.22	stmt-dep	B	OPEN	blueprint	from:exact,to:exact	blueprint	source=blueprint | CHAP-B NODE B.14 SOURCE (transcription)
BP.B.15	BP.B.02	proof-dep	B	OPEN	blueprint	from:exact,to:exact	blueprint	source=blueprint | CHAP-B NODE B.15 DEPENDS
BP.B.15	BP.B.08	proof-dep	B	OPEN	blueprint	from:exact,to:exact	blueprint	source=blueprint | CHAP-B NODE B.15 DEPENDS
BP.B.15	BP.B.11	proof-dep	B	OPEN	blueprint	from:exact,to:exact	blueprint	source=blueprint | CHAP-B NODE B.15 DEPENDS
BP.B.15	BP.B.14	proof-dep	B	OPEN	blueprint	from:exact,to:exact	blueprint	source=blueprint | CHAP-B NODE B.15 DEPENDS
BP.B.15	EFF.W12.s1of2.23	stmt-dep	B	OPEN	blueprint	from:exact,to:exact	blueprint	source=blueprint | CHAP-B NODE B.15 SOURCE (transcription); contiguous EFF.W12.23 (merged 2026-08-14) — remap mechanical per GC-12/H-9
BP.B.16	BP.B.11	proof-dep	B	OPEN	blueprint	from:exact,to:exact	blueprint	source=blueprint | CHAP-B NODE B.16 DEPENDS
BP.B.16	BP.B.14	proof-dep	B	OPEN	blueprint	from:exact,to:exact	blueprint	source=blueprint | CHAP-B NODE B.16 DEPENDS
BP.B.16	EFF.W12.s1of2.23	stmt-dep	B	OPEN	blueprint	from:exact,to:exact	blueprint	source=blueprint | CHAP-B NODE B.16 SOURCE (transcription); contiguous EFF.W12.23 (merged 2026-08-14) — remap mechanical per GC-12/H-9
BP.B.16	EFF.HE3.14	stmt-dep	B	OPEN	blueprint	from:exact,to:exact	blueprint	source=blueprint | CHAP-B NODE B.16 SOURCE (transcription)
BP.B.17	BP.B.11	proof-dep	B	OPEN	blueprint	from:exact,to:exact	blueprint	source=blueprint | CHAP-B NODE B.17 DEPENDS
BP.B.17	BP.B.14	proof-dep	B	OPEN	blueprint	from:exact,to:exact	blueprint	source=blueprint | CHAP-B NODE B.17 DEPENDS
BP.B.17	BP.B.16	proof-dep	B	OPEN	blueprint	from:exact,to:exact	blueprint	source=blueprint | CHAP-B NODE B.17 DEPENDS
BP.B.17	EFF.HE3.14	stmt-dep	B	OPEN	blueprint	from:exact,to:exact	blueprint	source=blueprint | CHAP-B NODE B.17 SOURCE (transcription)
BP.B.17	EFF.HE6.52	stmt-dep	B	OPEN	blueprint	from:exact,to:exact	blueprint	source=blueprint | CHAP-B NODE B.17 SOURCE (transcription)
BP.B.17	EFF.HE3.13	stmt-dep	B	OPEN	blueprint	from:exact,to:exact	blueprint	source=blueprint | CHAP-B NODE B.17 SOURCE (transcription)
BP.B.18	BP.B.13	proof-dep	B	OPEN	blueprint	from:exact,to:exact	blueprint	source=blueprint | CHAP-B NODE B.18 DEPENDS
BP.B.18	BP.B.14	proof-dep	B	OPEN	blueprint	from:exact,to:exact	blueprint	source=blueprint | CHAP-B NODE B.18 DEPENDS
BP.B.18	BP.B.16	proof-dep	B	OPEN	blueprint	from:exact,to:exact	blueprint	source=blueprint | CHAP-B NODE B.18 DEPENDS
BP.B.18	EFF.HE3.13	stmt-dep	B	OPEN	blueprint	from:exact,to:exact	blueprint	source=blueprint | CHAP-B NODE B.18 SOURCE (transcription)
BP.B.18	EFF.HE6.30	stmt-dep	B	OPEN	blueprint	from:exact,to:exact	blueprint	source=blueprint | CHAP-B NODE B.18 SOURCE (transcription)
BP.B.19	BP.B.11	proof-dep	B	OPEN	blueprint	from:exact,to:exact	blueprint	source=blueprint | CHAP-B NODE B.19 DEPENDS
BP.B.19	BP.B.14	proof-dep	B	OPEN	blueprint	from:exact,to:exact	blueprint	source=blueprint | CHAP-B NODE B.19 DEPENDS
BP.B.19	BP.B.16	proof-dep	B	OPEN	blueprint	from:exact,to:exact	blueprint	source=blueprint | CHAP-B NODE B.19 DEPENDS
BP.B.19	BP.B.17	proof-dep	B	OPEN	blueprint	from:exact,to:exact	blueprint	source=blueprint | CHAP-B NODE B.19 DEPENDS
BP.B.19	EFF.HE3.13	stmt-dep	B	OPEN	blueprint	from:exact,to:exact	blueprint	source=blueprint | CHAP-B NODE B.19 SOURCE (transcription)
BP.B.19	EFF.HE6.10	stmt-dep	B	OPEN	blueprint	from:exact,to:exact	blueprint	source=blueprint | CHAP-B NODE B.19 SOURCE (transcription)
BP.B.20	BP.B.16	proof-dep	B	OPEN	blueprint	from:exact,to:exact	blueprint	source=blueprint | CHAP-B NODE B.20 DEPENDS
BP.B.20	BP.B.17	proof-dep	B	OPEN	blueprint	from:exact,to:exact	blueprint	source=blueprint | CHAP-B NODE B.20 DEPENDS
BP.B.20	BP.B.18	proof-dep	B	OPEN	blueprint	from:exact,to:exact	blueprint	source=blueprint | CHAP-B NODE B.20 DEPENDS
BP.B.20	EFF.HE3.13	stmt-dep	B	OPEN	blueprint	from:exact,to:exact	blueprint	source=blueprint | CHAP-B NODE B.20 SOURCE (transcription)
BP.B.20	EFF.HE3.14	stmt-dep	B	OPEN	blueprint	from:exact,to:exact	blueprint	source=blueprint | CHAP-B NODE B.20 SOURCE (transcription)
BP.B.20	EFF.W12.s2of2.31	stmt-dep	B	OPEN	blueprint	from:exact,to:exact	blueprint	source=blueprint | CHAP-B NODE B.20 SOURCE (transcription); contiguous EFF.W12.83 (merged 2026-08-14) — remap mechanical per GC-12/H-9
BP.B.20	EFF.HE6.10	stmt-dep	B	OPEN	blueprint	from:exact,to:exact	blueprint	source=blueprint | CHAP-B NODE B.20 SOURCE (transcription)
BP.B.21	EFF.W12.s1of2.23	stmt-dep	B	OPEN	blueprint	from:exact,to:exact	blueprint	source=blueprint | CHAP-B NODE B.21 SOURCE (transcription); contiguous EFF.W12.23 (merged 2026-08-14) — remap mechanical per GC-12/H-9
BP.B.21	EFF.HE3.14	stmt-dep	B	OPEN	blueprint	from:exact,to:exact	blueprint	source=blueprint | CHAP-B NODE B.21 SOURCE (transcription)
BP.B.21	EFF.HE6.13	stmt-dep	B	OPEN	blueprint	from:exact,to:exact	blueprint	source=blueprint | CHAP-B NODE B.21 SOURCE (transcription)
BP.B.22	BP.B.21	proof-dep	B	OPEN	blueprint	from:exact,to:exact	blueprint	source=blueprint | CHAP-B NODE B.22 DEPENDS
BP.B.22	EFF.W12.s1of2.23	stmt-dep	B	OPEN	blueprint	from:exact,to:exact	blueprint	source=blueprint | CHAP-B NODE B.22 SOURCE (transcription); contiguous EFF.W12.23 (merged 2026-08-14) — remap mechanical per GC-12/H-9
BP.B.22	EFF.HE3.14	stmt-dep	B	OPEN	blueprint	from:exact,to:exact	blueprint	source=blueprint | CHAP-B NODE B.22 SOURCE (transcription)
BP.B.23	BP.B.21	proof-dep	B	OPEN	blueprint	from:exact,to:exact	blueprint	source=blueprint | CHAP-B NODE B.23 DEPENDS
BP.B.23	EFF.W12.s1of2.23	stmt-dep	B	OPEN	blueprint	from:exact,to:exact	blueprint	source=blueprint | CHAP-B NODE B.23 SOURCE (transcription); contiguous EFF.W12.23 (merged 2026-08-14) — remap mechanical per GC-12/H-9
BP.B.23	EFF.HE3.14	stmt-dep	B	OPEN	blueprint	from:exact,to:exact	blueprint	source=blueprint | CHAP-B NODE B.23 SOURCE (transcription)
BP.B.24	BP.B.08	proof-dep	B	OPEN	blueprint	from:exact,to:exact	blueprint	source=blueprint | CHAP-B NODE B.24 DEPENDS
BP.B.24	BP.B.21	proof-dep	B	OPEN	blueprint	from:exact,to:exact	blueprint	source=blueprint | CHAP-B NODE B.24 DEPENDS
BP.B.24	BP.B.22	proof-dep	B	OPEN	blueprint	from:exact,to:exact	blueprint	source=blueprint | CHAP-B NODE B.24 DEPENDS
BP.B.24	BP.B.23	proof-dep	B	OPEN	blueprint	from:exact,to:exact	blueprint	source=blueprint | CHAP-B NODE B.24 DEPENDS
BP.B.24	EFF.W12.s1of2.23	stmt-dep	B	OPEN	blueprint	from:exact,to:exact	blueprint	source=blueprint | CHAP-B NODE B.24 SOURCE (transcription); contiguous EFF.W12.23 (merged 2026-08-14) — remap mechanical per GC-12/H-9
BP.B.24	EFF.HE3.14	stmt-dep	B	OPEN	blueprint	from:exact,to:exact	blueprint	source=blueprint | CHAP-B NODE B.24 SOURCE (transcription)
BP.B.25	BP.B.01	proof-dep	B	OPEN	blueprint	from:exact,to:exact	blueprint	source=blueprint | CHAP-B NODE B.25 DEPENDS
BP.B.25	BP.B.23	proof-dep	B	OPEN	blueprint	from:exact,to:exact	blueprint	source=blueprint | CHAP-B NODE B.25 DEPENDS
BP.B.25	EFF.HE6.08	stmt-dep	B	OPEN	blueprint	from:exact,to:exact	blueprint	source=blueprint | CHAP-B NODE B.25 SOURCE (transcription)
BP.B.25	EFF.HE3.13	stmt-dep	B	OPEN	blueprint	from:exact,to:exact	blueprint	source=blueprint | CHAP-B NODE B.25 SOURCE (transcription)
BP.B.26	BP.B.01	proof-dep	B	OPEN	blueprint	from:exact,to:exact	blueprint	source=blueprint | CHAP-B NODE B.26 DEPENDS
BP.B.26	BP.B.25	proof-dep	B	OPEN	blueprint	from:exact,to:exact	blueprint	source=blueprint | CHAP-B NODE B.26 DEPENDS
BP.B.26	EFF.W12.s1of2.25	stmt-dep	B	OPEN	blueprint	from:exact,to:exact	blueprint	source=blueprint | CHAP-B NODE B.26 SOURCE (transcription); contiguous EFF.W12.25 (merged 2026-08-14) — remap mechanical per GC-12/H-9
BP.B.27	EFF.W12.s1of2.27	stmt-dep	B	OPEN	blueprint	from:exact,to:exact	blueprint	source=blueprint | CHAP-B NODE B.27 SOURCE (transcription); contiguous EFF.W12.27 (merged 2026-08-14) — remap mechanical per GC-12/H-9
BP.B.27	EFF.HE3.15	stmt-dep	B	OPEN	blueprint	from:exact,to:exact	blueprint	source=blueprint | CHAP-B NODE B.27 SOURCE (transcription)
BP.B.28	BP.B.02	proof-dep	B	OPEN	blueprint	from:exact,to:exact	blueprint	source=blueprint | CHAP-B NODE B.28 DEPENDS
BP.B.28	BP.B.11	proof-dep	B	OPEN	blueprint	from:exact,to:exact	blueprint	source=blueprint | CHAP-B NODE B.28 DEPENDS
BP.B.28	BP.B.16	proof-dep	B	OPEN	blueprint	from:exact,to:exact	blueprint	source=blueprint | CHAP-B NODE B.28 DEPENDS
BP.B.28	BP.B.20	proof-dep	B	OPEN	blueprint	from:exact,to:exact	blueprint	source=blueprint | CHAP-B NODE B.28 DEPENDS
BP.B.28	BP.B.23	proof-dep	B	OPEN	blueprint	from:exact,to:exact	blueprint	source=blueprint | CHAP-B NODE B.28 DEPENDS
BP.B.28	BP.B.25	proof-dep	B	OPEN	blueprint	from:exact,to:exact	blueprint	source=blueprint | CHAP-B NODE B.28 DEPENDS
BP.B.28	EFF.HE3.14	stmt-dep	B	OPEN	blueprint	from:exact,to:exact	blueprint	source=blueprint | CHAP-B NODE B.28 SOURCE (transcription)
BP.B.28	EFF.HE3.24	stmt-dep	B	OPEN	blueprint	from:exact,to:exact	blueprint	source=blueprint | CHAP-B NODE B.28 SOURCE (transcription)
BP.B.28	EFF.HE6.11	stmt-dep	B	OPEN	blueprint	from:exact,to:exact	blueprint	source=blueprint | CHAP-B NODE B.28 SOURCE (transcription)
BP.B.28	EFF.W12.s1of2.23	stmt-dep	B	OPEN	blueprint	from:exact,to:exact	blueprint	source=blueprint | CHAP-B NODE B.28 SOURCE (transcription); contiguous EFF.W12.23 (merged 2026-08-14) — remap mechanical per GC-12/H-9
BP.B.29	BP.B.20	proof-dep	B	OPEN	blueprint	from:exact,to:exact	blueprint	source=blueprint | CHAP-B NODE B.29 DEPENDS
BP.B.29	BP.B.28	proof-dep	B	OPEN	blueprint	from:exact,to:exact	blueprint	source=blueprint | CHAP-B NODE B.29 DEPENDS
BP.B.29	EFF.HE3.13	stmt-dep	B	OPEN	blueprint	from:exact,to:exact	blueprint	source=blueprint | CHAP-B NODE B.29 SOURCE (transcription)
BP.B.29	EFF.HE3.14	stmt-dep	B	OPEN	blueprint	from:exact,to:exact	blueprint	source=blueprint | CHAP-B NODE B.29 SOURCE (transcription)
BP.B.29	EFF.HE6.11	stmt-dep	B	OPEN	blueprint	from:exact,to:exact	blueprint	source=blueprint | CHAP-B NODE B.29 SOURCE (transcription)
BP.B.30	BP.B.03	proof-dep	B	OPEN	blueprint	from:exact,to:exact	blueprint	source=blueprint | CHAP-B NODE B.30 DEPENDS
BP.B.30	BP.B.08	proof-dep	B	OPEN	blueprint	from:exact,to:exact	blueprint	source=blueprint | CHAP-B NODE B.30 DEPENDS
BP.B.30	BP.B.11	proof-dep	B	OPEN	blueprint	from:exact,to:exact	blueprint	source=blueprint | CHAP-B NODE B.30 DEPENDS
BP.B.30	BP.B.16	proof-dep	B	OPEN	blueprint	from:exact,to:exact	blueprint	source=blueprint | CHAP-B NODE B.30 DEPENDS
BP.B.30	BP.B.20	proof-dep	B	OPEN	blueprint	from:exact,to:exact	blueprint	source=blueprint | CHAP-B NODE B.30 DEPENDS
BP.B.30	BP.B.24	proof-dep	B	OPEN	blueprint	from:exact,to:exact	blueprint	source=blueprint | CHAP-B NODE B.30 DEPENDS
BP.B.30	BP.B.25	proof-dep	B	OPEN	blueprint	from:exact,to:exact	blueprint	source=blueprint | CHAP-B NODE B.30 DEPENDS
BP.B.30	BP.B.28	proof-dep	B	OPEN	blueprint	from:exact,to:exact	blueprint	source=blueprint | CHAP-B NODE B.30 DEPENDS
BP.B.30	BP.B.29	proof-dep	B	OPEN	blueprint	from:exact,to:exact	blueprint	source=blueprint | CHAP-B NODE B.30 DEPENDS
BP.B.30	BP.B.36	proof-dep	B	OPEN	blueprint	from:exact,to:exact	blueprint	source=blueprint | CHAP-B NODE B.30 DEPENDS
BP.B.30	EFF.HE3.13	stmt-dep	B	OPEN	blueprint	from:exact,to:exact	blueprint	source=blueprint | CHAP-B NODE B.30 SOURCE (transcription)
BP.B.30	EFF.HE3.14	stmt-dep	B	OPEN	blueprint	from:exact,to:exact	blueprint	source=blueprint | CHAP-B NODE B.30 SOURCE (transcription)
BP.B.30	EFF.W12.s1of2.23	stmt-dep	B	OPEN	blueprint	from:exact,to:exact	blueprint	source=blueprint | CHAP-B NODE B.30 SOURCE (transcription); contiguous EFF.W12.23 (merged 2026-08-14) — remap mechanical per GC-12/H-9
BP.B.31	BP.B.02	proof-dep	B	OPEN	blueprint	from:exact,to:exact	blueprint	source=blueprint | CHAP-B NODE B.31 DEPENDS
BP.B.31	BP.B.08	proof-dep	B	OPEN	blueprint	from:exact,to:exact	blueprint	source=blueprint | CHAP-B NODE B.31 DEPENDS
BP.B.31	BP.B.10	proof-dep	B	OPEN	blueprint	from:exact,to:exact	blueprint	source=blueprint | CHAP-B NODE B.31 DEPENDS
BP.B.31	BP.B.11	proof-dep	B	OPEN	blueprint	from:exact,to:exact	blueprint	source=blueprint | CHAP-B NODE B.31 DEPENDS
BP.B.31	EFF.W12.s1of2.23	stmt-dep	B	OPEN	blueprint	from:exact,to:exact	blueprint	source=blueprint | CHAP-B NODE B.31 SOURCE (transcription); contiguous EFF.W12.23 (merged 2026-08-14) — remap mechanical per GC-12/H-9
BP.B.31	EFF.HE3.27	stmt-dep	B	OPEN	blueprint	from:exact,to:exact	blueprint	source=blueprint | CHAP-B NODE B.31 SOURCE (transcription)
BP.B.32	BP.B.02	proof-dep	B	OPEN	blueprint	from:exact,to:exact	blueprint	source=blueprint | CHAP-B NODE B.32 DEPENDS
BP.B.32	BP.B.05	proof-dep	B	OPEN	blueprint	from:exact,to:exact	blueprint	source=blueprint | CHAP-B NODE B.32 DEPENDS
BP.B.32	BP.B.07	proof-dep	B	OPEN	blueprint	from:exact,to:exact	blueprint	source=blueprint | CHAP-B NODE B.32 DEPENDS
BP.B.32	BP.B.09	proof-dep	B	OPEN	blueprint	from:exact,to:exact	blueprint	source=blueprint | CHAP-B NODE B.32 DEPENDS
BP.B.32	BP.B.11	proof-dep	B	OPEN	blueprint	from:exact,to:exact	blueprint	source=blueprint | CHAP-B NODE B.32 DEPENDS
BP.B.32	BP.B.14	proof-dep	B	OPEN	blueprint	from:exact,to:exact	blueprint	source=blueprint | CHAP-B NODE B.32 DEPENDS
BP.B.32	BP.B.31	proof-dep	B	OPEN	blueprint	from:exact,to:exact	blueprint	source=blueprint | CHAP-B NODE B.32 DEPENDS
BP.B.32	EFF.W12.s1of2.23	stmt-dep	B	OPEN	blueprint	from:exact,to:exact	blueprint	source=blueprint | CHAP-B NODE B.32 SOURCE (transcription); contiguous EFF.W12.23 (merged 2026-08-14) — remap mechanical per GC-12/H-9
BP.B.32	EFF.W12.s1of2.24	stmt-dep	B	OPEN	blueprint	from:exact,to:exact	blueprint	source=blueprint | CHAP-B NODE B.32 SOURCE (transcription); contiguous EFF.W12.24 (merged 2026-08-14) — remap mechanical per GC-12/H-9
BP.B.33	BP.B.05	proof-dep	B	OPEN	blueprint	from:exact,to:exact	blueprint	source=blueprint | CHAP-B NODE B.33 DEPENDS
BP.B.33	BP.B.09	proof-dep	B	OPEN	blueprint	from:exact,to:exact	blueprint	source=blueprint | CHAP-B NODE B.33 DEPENDS
BP.B.33	BP.B.14	proof-dep	B	OPEN	blueprint	from:exact,to:exact	blueprint	source=blueprint | CHAP-B NODE B.33 DEPENDS
BP.B.33	BP.B.32	proof-dep	B	OPEN	blueprint	from:exact,to:exact	blueprint	source=blueprint | CHAP-B NODE B.33 DEPENDS
BP.B.33	EFF.HE6.06	stmt-dep	B	OPEN	blueprint	from:exact,to:exact	blueprint	source=blueprint | CHAP-B NODE B.33 SOURCE (transcription)
BP.B.33	EFF.HE3.22	stmt-dep	B	OPEN	blueprint	from:exact,to:exact	blueprint	source=blueprint | CHAP-B NODE B.33 SOURCE (transcription)
BP.B.34	BP.B.16	proof-dep	B	OPEN	blueprint	from:exact,to:exact	blueprint	source=blueprint | CHAP-B NODE B.34 DEPENDS
BP.B.34	BP.B.20	proof-dep	B	OPEN	blueprint	from:exact,to:exact	blueprint	source=blueprint | CHAP-B NODE B.34 DEPENDS
BP.B.34	BP.B.29	proof-dep	B	OPEN	blueprint	from:exact,to:exact	blueprint	source=blueprint | CHAP-B NODE B.34 DEPENDS
BP.B.34	BP.B.30	proof-dep	B	OPEN	blueprint	from:exact,to:exact	blueprint	source=blueprint | CHAP-B NODE B.34 DEPENDS
BP.B.34	EFF.HE3.32	stmt-dep	B	OPEN	blueprint	from:exact,to:exact	blueprint	source=blueprint | CHAP-B NODE B.34 SOURCE (transcription)
BP.B.34	EFF.HE6.32	stmt-dep	B	OPEN	blueprint	from:exact,to:exact	blueprint	source=blueprint | CHAP-B NODE B.34 SOURCE (transcription)
BP.B.35	BP.B.09	proof-dep	B	OPEN	blueprint	from:exact,to:exact	blueprint	source=blueprint | CHAP-B NODE B.35 DEPENDS
BP.B.35	BP.B.13	proof-dep	B	OPEN	blueprint	from:exact,to:exact	blueprint	source=blueprint | CHAP-B NODE B.35 DEPENDS
BP.B.35	BP.B.14	proof-dep	B	OPEN	blueprint	from:exact,to:exact	blueprint	source=blueprint | CHAP-B NODE B.35 DEPENDS
BP.B.35	BP.B.18	proof-dep	B	OPEN	blueprint	from:exact,to:exact	blueprint	source=blueprint | CHAP-B NODE B.35 DEPENDS
BP.B.35	BP.B.20	proof-dep	B	OPEN	blueprint	from:exact,to:exact	blueprint	source=blueprint | CHAP-B NODE B.35 DEPENDS
BP.B.35	BP.B.22	proof-dep	B	OPEN	blueprint	from:exact,to:exact	blueprint	source=blueprint | CHAP-B NODE B.35 DEPENDS
BP.B.35	BP.B.24	proof-dep	B	OPEN	blueprint	from:exact,to:exact	blueprint	source=blueprint | CHAP-B NODE B.35 DEPENDS
BP.B.35	BP.B.25	proof-dep	B	OPEN	blueprint	from:exact,to:exact	blueprint	source=blueprint | CHAP-B NODE B.35 DEPENDS
BP.B.35	BP.B.26	proof-dep	B	OPEN	blueprint	from:exact,to:exact	blueprint	source=blueprint | CHAP-B NODE B.35 DEPENDS
BP.B.35	BP.B.28	proof-dep	B	OPEN	blueprint	from:exact,to:exact	blueprint	source=blueprint | CHAP-B NODE B.35 DEPENDS
BP.B.35	BP.B.29	proof-dep	B	OPEN	blueprint	from:exact,to:exact	blueprint	source=blueprint | CHAP-B NODE B.35 DEPENDS
BP.B.35	BP.B.30	proof-dep	B	OPEN	blueprint	from:exact,to:exact	blueprint	source=blueprint | CHAP-B NODE B.35 DEPENDS
BP.B.35	BP.B.33	proof-dep	B	OPEN	blueprint	from:exact,to:exact	blueprint	source=blueprint | CHAP-B NODE B.35 DEPENDS
BP.B.35	BP.B.34	proof-dep	B	OPEN	blueprint	from:exact,to:exact	blueprint	source=blueprint | CHAP-B NODE B.35 DEPENDS
BP.B.35	BP.B.36	proof-dep	B	OPEN	blueprint	from:exact,to:exact	blueprint	source=blueprint | CHAP-B NODE B.35 DEPENDS
BP.B.35	EFF.HE3.14	stmt-dep	B	OPEN	blueprint	from:exact,to:exact	blueprint	source=blueprint | CHAP-B NODE B.35 SOURCE (transcription)
BP.B.35	EFF.HE6.11	stmt-dep	B	OPEN	blueprint	from:exact,to:exact	blueprint	source=blueprint | CHAP-B NODE B.35 SOURCE (transcription)
BP.B.35	EFF.HE3.44	stmt-dep	B	OPEN	blueprint	from:exact,to:exact	blueprint	source=blueprint | CHAP-B NODE B.35 SOURCE (transcription)
BP.B.36	BP.B.01	proof-dep	B	OPEN	blueprint	from:exact,to:exact	blueprint	source=blueprint | CHAP-B NODE B.36 DEPENDS
BP.B.36	BP.B.23	proof-dep	B	OPEN	blueprint	from:exact,to:exact	blueprint	source=blueprint | CHAP-B NODE B.36 DEPENDS
BP.B.36	BP.B.24	proof-dep	B	OPEN	blueprint	from:exact,to:exact	blueprint	source=blueprint | CHAP-B NODE B.36 DEPENDS
BP.B.36	BP.B.25	proof-dep	B	OPEN	blueprint	from:exact,to:exact	blueprint	source=blueprint | CHAP-B NODE B.36 DEPENDS
BP.B.36	EFF.HE6.15	stmt-dep	B	OPEN	blueprint	from:exact,to:exact	blueprint	source=blueprint | CHAP-B NODE B.36 SOURCE (transcription)
BP.B.36	EFF.HE6.58	stmt-dep	B	OPEN	blueprint	from:exact,to:exact	blueprint	source=blueprint | CHAP-B NODE B.36 SOURCE (transcription)
BP.B.36	EFF.HE3.03	stmt-dep	B	OPEN	blueprint	from:exact,to:exact	blueprint	source=blueprint | CHAP-B NODE B.36 SOURCE (transcription)
BP.B.36	EFF.HE3.71	stmt-dep	B	OPEN	blueprint	from:exact,to:exact	blueprint	source=blueprint | CHAP-B NODE B.36 SOURCE (transcription)
BP.B.37	BP.B.16	proof-dep	B	OPEN	blueprint	from:exact,to:exact	blueprint	source=blueprint | CHAP-B NODE B.37 DEPENDS
BP.B.37	BP.B.18	proof-dep	B	OPEN	blueprint	from:exact,to:exact	blueprint	source=blueprint | CHAP-B NODE B.37 DEPENDS
BP.B.37	BP.B.20	proof-dep	B	OPEN	blueprint	from:exact,to:exact	blueprint	source=blueprint | CHAP-B NODE B.37 DEPENDS
BP.B.37	BP.B.29	proof-dep	B	OPEN	blueprint	from:exact,to:exact	blueprint	source=blueprint | CHAP-B NODE B.37 DEPENDS
BP.B.37	BP.B.34	proof-dep	B	OPEN	blueprint	from:exact,to:exact	blueprint	source=blueprint | CHAP-B NODE B.37 DEPENDS
BP.B.37	EFF.HE3.32	stmt-dep	B	OPEN	blueprint	from:exact,to:exact	blueprint	source=blueprint | CHAP-B NODE B.37 SOURCE (transcription)
BP.B.39	BP.B.20	proof-dep	B	OPEN	blueprint	from:exact,to:exact	blueprint	source=blueprint | CHAP-B NODE B.39 DEPENDS
BP.B.39	BP.B.28	proof-dep	B	OPEN	blueprint	from:exact,to:exact	blueprint	source=blueprint | CHAP-B NODE B.39 DEPENDS
BP.B.39	BP.B.29	proof-dep	B	OPEN	blueprint	from:exact,to:exact	blueprint	source=blueprint | CHAP-B NODE B.39 DEPENDS
BP.B.39	BP.B.30	proof-dep	B	OPEN	blueprint	from:exact,to:exact	blueprint	source=blueprint | CHAP-B NODE B.39 DEPENDS
BP.B.39	BP.B.33	proof-dep	B	OPEN	blueprint	from:exact,to:exact	blueprint	source=blueprint | CHAP-B NODE B.39 DEPENDS
BP.B.39	BP.B.35	proof-dep	B	OPEN	blueprint	from:exact,to:exact	blueprint	source=blueprint | CHAP-B NODE B.39 DEPENDS
BP.B.39	BP.B.36	proof-dep	B	OPEN	blueprint	from:exact,to:exact	blueprint	source=blueprint | CHAP-B NODE B.39 DEPENDS
BP.B.39	BP.B.37	proof-dep	B	OPEN	blueprint	from:exact,to:exact	blueprint	source=blueprint | CHAP-B NODE B.39 DEPENDS
BP.B.39	BP.B.38	proof-dep	B	OPEN	blueprint	from:exact,to:exact	blueprint	source=blueprint | CHAP-B NODE B.39 DEPENDS
BP.B.39	EFF.HE6.13	stmt-dep	B	OPEN	blueprint	from:exact,to:exact	blueprint	source=blueprint | CHAP-B NODE B.39 SOURCE (transcription)
BP.B.39	EFF.HE6.12	stmt-dep	B	OPEN	blueprint	from:exact,to:exact	blueprint	source=blueprint | CHAP-B NODE B.39 SOURCE (transcription)
BP.B.39	EFF.HE3.21	stmt-dep	B	OPEN	blueprint	from:exact,to:exact	blueprint	source=blueprint | CHAP-B NODE B.39 SOURCE (transcription)
BP.B.40	BP.B.14	proof-dep	B	OPEN	blueprint	from:exact,to:exact	blueprint	source=blueprint | CHAP-B NODE B.40 DEPENDS
BP.B.40	BP.B.31	proof-dep	B	OPEN	blueprint	from:exact,to:exact	blueprint	source=blueprint | CHAP-B NODE B.40 DEPENDS
BP.B.40	BP.B.08	proof-dep	B	OPEN	blueprint	from:exact,to:exact	blueprint	source=blueprint | CHAP-B NODE B.40 DEPENDS
BP.B.40	EFF.HE3.27	stmt-dep	B	OPEN	blueprint	from:exact,to:exact	blueprint	source=blueprint | CHAP-B NODE B.40 SOURCE (transcription)
BP.B.41	BP.B.13	proof-dep	B	OPEN	blueprint	from:exact,to:exact	blueprint	source=blueprint | CHAP-B NODE B.41 DEPENDS
BP.B.41	BP.B.18	proof-dep	B	OPEN	blueprint	from:exact,to:exact	blueprint	source=blueprint | CHAP-B NODE B.41 DEPENDS
BP.B.41	BP.B.20	proof-dep	B	OPEN	blueprint	from:exact,to:exact	blueprint	source=blueprint | CHAP-B NODE B.41 DEPENDS
BP.B.41	BP.B.29	proof-dep	B	OPEN	blueprint	from:exact,to:exact	blueprint	source=blueprint | CHAP-B NODE B.41 DEPENDS
BP.B.41	BP.B.30	proof-dep	B	OPEN	blueprint	from:exact,to:exact	blueprint	source=blueprint | CHAP-B NODE B.41 DEPENDS
BP.B.41	BP.B.33	proof-dep	B	OPEN	blueprint	from:exact,to:exact	blueprint	source=blueprint | CHAP-B NODE B.41 DEPENDS
BP.B.41	BP.B.34	proof-dep	B	OPEN	blueprint	from:exact,to:exact	blueprint	source=blueprint | CHAP-B NODE B.41 DEPENDS
BP.B.41	BP.B.35	proof-dep	B	OPEN	blueprint	from:exact,to:exact	blueprint	source=blueprint | CHAP-B NODE B.41 DEPENDS
BP.B.41	BP.B.37	proof-dep	B	OPEN	blueprint	from:exact,to:exact	blueprint	source=blueprint | CHAP-B NODE B.41 DEPENDS
BP.B.41	BP.B.39	proof-dep	B	OPEN	blueprint	from:exact,to:exact	blueprint	source=blueprint | CHAP-B NODE B.41 DEPENDS
BP.B.41	BP.B.40	proof-dep	B	OPEN	blueprint	from:exact,to:exact	blueprint	source=blueprint | CHAP-B NODE B.41 DEPENDS
BP.B.41	EFF.HE3.32	stmt-dep	B	OPEN	blueprint	from:exact,to:exact	blueprint	source=blueprint | CHAP-B NODE B.41 SOURCE (transcription)
BP.B.42	BP.B.13	proof-dep	B	OPEN	blueprint	from:exact,to:exact	blueprint	source=blueprint | CHAP-B NODE B.42 DEPENDS
BP.B.42	BP.B.16	proof-dep	B	OPEN	blueprint	from:exact,to:exact	blueprint	source=blueprint | CHAP-B NODE B.42 DEPENDS
BP.B.42	BP.B.17	proof-dep	B	OPEN	blueprint	from:exact,to:exact	blueprint	source=blueprint | CHAP-B NODE B.42 DEPENDS
BP.B.42	BP.B.18	proof-dep	B	OPEN	blueprint	from:exact,to:exact	blueprint	source=blueprint | CHAP-B NODE B.42 DEPENDS
BP.B.42	BP.B.19	proof-dep	B	OPEN	blueprint	from:exact,to:exact	blueprint	source=blueprint | CHAP-B NODE B.42 DEPENDS
BP.B.42	BP.B.20	proof-dep	B	OPEN	blueprint	from:exact,to:exact	blueprint	source=blueprint | CHAP-B NODE B.42 DEPENDS
BP.B.42	BP.B.30	proof-dep	B	OPEN	blueprint	from:exact,to:exact	blueprint	source=blueprint | CHAP-B NODE B.42 DEPENDS
BP.B.42	BP.B.34	proof-dep	B	OPEN	blueprint	from:exact,to:exact	blueprint	source=blueprint | CHAP-B NODE B.42 DEPENDS
BP.B.42	BP.B.35	proof-dep	B	OPEN	blueprint	from:exact,to:exact	blueprint	source=blueprint | CHAP-B NODE B.42 DEPENDS
BP.B.42	BP.B.41	proof-dep	B	OPEN	blueprint	from:exact,to:exact	blueprint	source=blueprint | CHAP-B NODE B.42 DEPENDS
BP.B.42	lean:exists_monic_factorization_finset	stmt-dep	B	OPEN	blueprint	from:exact,to:exact	blueprint	source=blueprint | CHAP-B NODE B.42 DEPENDS landed API
BP.B.42	EFF.W12.s1of2.09	stmt-dep	B	OPEN	blueprint	from:exact,to:exact	blueprint	source=blueprint | CHAP-B NODE B.42 SOURCE (transcription); contiguous EFF.W12.09 (merged 2026-08-14) — remap mechanical per GC-12/H-9
BP.B.42	EFF.HE3.13	stmt-dep	B	OPEN	blueprint	from:exact,to:exact	blueprint	source=blueprint | CHAP-B NODE B.42 SOURCE (transcription)
BP.B.43	BP.B.30	proof-dep	B	OPEN	blueprint	from:exact,to:exact	blueprint	source=blueprint | CHAP-B NODE B.43 DEPENDS
BP.B.43	BP.B.33	proof-dep	B	OPEN	blueprint	from:exact,to:exact	blueprint	source=blueprint | CHAP-B NODE B.43 DEPENDS
BP.B.43	BP.B.35	proof-dep	B	OPEN	blueprint	from:exact,to:exact	blueprint	source=blueprint | CHAP-B NODE B.43 DEPENDS
BP.B.43	BP.B.37	proof-dep	B	OPEN	blueprint	from:exact,to:exact	blueprint	source=blueprint | CHAP-B NODE B.43 DEPENDS
BP.B.43	BP.B.39	proof-dep	B	OPEN	blueprint	from:exact,to:exact	blueprint	source=blueprint | CHAP-B NODE B.43 DEPENDS
BP.B.44	BP.B.15	proof-dep	B	OPEN	blueprint	from:exact,to:exact	blueprint	source=blueprint | CHAP-B NODE B.44 DEPENDS
BP.B.44	BP.B.21	proof-dep	B	OPEN	blueprint	from:exact,to:exact	blueprint	source=blueprint | CHAP-B NODE B.44 DEPENDS
BP.B.44	BP.B.24	proof-dep	B	OPEN	blueprint	from:exact,to:exact	blueprint	source=blueprint | CHAP-B NODE B.44 DEPENDS
BP.B.44	BP.B.28	proof-dep	B	OPEN	blueprint	from:exact,to:exact	blueprint	source=blueprint | CHAP-B NODE B.44 DEPENDS
BP.B.44	lean:exists_monic_scaleRoots	stmt-dep	B	OPEN	blueprint	from:exact,to:exact	blueprint	source=blueprint | CHAP-B NODE B.44 DEPENDS landed API
BP.B.44	lean:typeOf_scaleRoots	stmt-dep	B	OPEN	blueprint	from:exact,to:exact	blueprint	source=blueprint | CHAP-B NODE B.44 DEPENDS landed API
BP.B.44	EFF.HE3.34	stmt-dep	B	OPEN	blueprint	from:exact,to:exact	blueprint	source=blueprint | CHAP-B NODE B.44 SOURCE (transcription)
BP.B.45	BP.B.27	proof-dep	B	OPEN	blueprint	from:exact,to:exact	blueprint	source=blueprint | CHAP-B NODE B.45 DEPENDS
BP.B.45	EFF.HE3.32	stmt-dep	B	OPEN	blueprint	from:exact,to:exact	blueprint	source=blueprint | CHAP-B NODE B.45 SOURCE (transcription)
BP.B.45	EFF.W12.s1of2.25	stmt-dep	B	OPEN	blueprint	from:exact,to:exact	blueprint	source=blueprint | CHAP-B NODE B.45 SOURCE (transcription); contiguous EFF.W12.25 (merged 2026-08-14) — remap mechanical per GC-12/H-9
BP.B.46	EFF.HE3.32	stmt-dep	B	OPEN	blueprint	from:exact,to:exact	blueprint	source=blueprint | CHAP-B NODE B.46 SOURCE (transcription)
BP.B.47	EFF.HE3.32	stmt-dep	B	OPEN	blueprint	from:exact,to:exact	blueprint	source=blueprint | CHAP-B NODE B.47 SOURCE (transcription)
BP.B.48	BP.B.26	proof-dep	B	OPEN	blueprint	from:exact,to:exact	blueprint	source=blueprint | CHAP-B NODE B.48 DEPENDS
BP.B.48	BP.B.27	proof-dep	B	OPEN	blueprint	from:exact,to:exact	blueprint	source=blueprint | CHAP-B NODE B.48 DEPENDS
BP.B.48	BP.B.29	proof-dep	B	OPEN	blueprint	from:exact,to:exact	blueprint	source=blueprint | CHAP-B NODE B.48 DEPENDS
BP.B.48	BP.B.30	proof-dep	B	OPEN	blueprint	from:exact,to:exact	blueprint	source=blueprint | CHAP-B NODE B.48 DEPENDS
BP.B.48	BP.B.35	proof-dep	B	OPEN	blueprint	from:exact,to:exact	blueprint	source=blueprint | CHAP-B NODE B.48 DEPENDS
BP.B.48	BP.B.41	proof-dep	B	OPEN	blueprint	from:exact,to:exact	blueprint	source=blueprint | CHAP-B NODE B.48 DEPENDS
BP.B.48	BP.B.45	proof-dep	B	OPEN	blueprint	from:exact,to:exact	blueprint	source=blueprint | CHAP-B NODE B.48 DEPENDS
BP.B.48	BP.B.46	proof-dep	B	OPEN	blueprint	from:exact,to:exact	blueprint	source=blueprint | CHAP-B NODE B.48 DEPENDS
BP.B.48	BP.B.47	proof-dep	B	OPEN	blueprint	from:exact,to:exact	blueprint	source=blueprint | CHAP-B NODE B.48 DEPENDS
BP.B.48	EFF.HE3.32	stmt-dep	B	OPEN	blueprint	from:exact,to:exact	blueprint	source=blueprint | CHAP-B NODE B.48 SOURCE (transcription)
BP.B.48	EFF.W12.s1of2.27	stmt-dep	B	OPEN	blueprint	from:exact,to:exact	blueprint	source=blueprint | CHAP-B NODE B.48 SOURCE (transcription); contiguous EFF.W12.27 (merged 2026-08-14) — remap mechanical per GC-12/H-9
BP.B.49	BP.B.01	proof-dep	B	OPEN	blueprint	from:exact,to:exact	blueprint	source=blueprint | CHAP-B NODE B.49 DEPENDS
BP.B.49	BP.B.25	proof-dep	B	OPEN	blueprint	from:exact,to:exact	blueprint	source=blueprint | CHAP-B NODE B.49 DEPENDS
BP.B.49	EFF.HE3.10	stmt-dep	B	OPEN	blueprint	from:exact,to:exact	blueprint	source=blueprint | CHAP-B NODE B.49 SOURCE (transcription)
BP.B.50	EFF.HE6.06	stmt-dep	B	OPEN	blueprint	from:exact,to:exact	blueprint	source=blueprint | CHAP-B NODE B.50 SOURCE (transcription)
BP.B.50	EFF.HE3.20	stmt-dep	B	OPEN	blueprint	from:exact,to:exact	blueprint	source=blueprint | CHAP-B NODE B.50 SOURCE (transcription)
BP.B.51	BP.B.50	proof-dep	B	OPEN	blueprint	from:exact,to:exact	blueprint	source=blueprint | CHAP-B NODE B.51 DEPENDS
BP.B.51	EFF.HE3.10	stmt-dep	B	OPEN	blueprint	from:exact,to:exact	blueprint	source=blueprint | CHAP-B NODE B.51 SOURCE (transcription)
BP.B.52	BP.B.26	proof-dep	B	OPEN	blueprint	from:exact,to:exact	blueprint	source=blueprint | CHAP-B NODE B.52 DEPENDS
BP.B.52	BP.B.49	proof-dep	B	OPEN	blueprint	from:exact,to:exact	blueprint	source=blueprint | CHAP-B NODE B.52 DEPENDS
BP.B.52	BP.B.50	proof-dep	B	OPEN	blueprint	from:exact,to:exact	blueprint	source=blueprint | CHAP-B NODE B.52 DEPENDS
BP.B.52	BP.B.51	proof-dep	B	OPEN	blueprint	from:exact,to:exact	blueprint	source=blueprint | CHAP-B NODE B.52 DEPENDS
BP.B.53	BP.B.02	proof-dep	B	OPEN	blueprint	from:exact,to:exact	blueprint	source=blueprint | CHAP-B NODE B.53 DEPENDS
BP.B.53	BP.B.05	proof-dep	B	OPEN	blueprint	from:exact,to:exact	blueprint	source=blueprint | CHAP-B NODE B.53 DEPENDS
BP.B.53	BP.B.07	proof-dep	B	OPEN	blueprint	from:exact,to:exact	blueprint	source=blueprint | CHAP-B NODE B.53 DEPENDS
BP.B.53	BP.B.24	proof-dep	B	OPEN	blueprint	from:exact,to:exact	blueprint	source=blueprint | CHAP-B NODE B.53 DEPENDS
BP.B.53	BP.B.25	proof-dep	B	OPEN	blueprint	from:exact,to:exact	blueprint	source=blueprint | CHAP-B NODE B.53 DEPENDS
BP.B.53	BP.B.36	proof-dep	B	OPEN	blueprint	from:exact,to:exact	blueprint	source=blueprint | CHAP-B NODE B.53 DEPENDS
BP.B.53	BP.B.50	proof-dep	B	OPEN	blueprint	from:exact,to:exact	blueprint	source=blueprint | CHAP-B NODE B.53 DEPENDS
BP.B.53	BP.B.51	proof-dep	B	OPEN	blueprint	from:exact,to:exact	blueprint	source=blueprint | CHAP-B NODE B.53 DEPENDS
BP.B.53	EFF.HE3.20	stmt-dep	B	OPEN	blueprint	from:exact,to:exact	blueprint	source=blueprint | CHAP-B NODE B.53 SOURCE (transcription)
BP.B.53	EFF.HE3.22	stmt-dep	B	OPEN	blueprint	from:exact,to:exact	blueprint	source=blueprint | CHAP-B NODE B.53 SOURCE (transcription)
BP.B.54	BP.B.13	proof-dep	B	OPEN	blueprint	from:exact,to:exact	blueprint	source=blueprint | CHAP-B NODE B.54 DEPENDS
BP.B.54	BP.B.14	proof-dep	B	OPEN	blueprint	from:exact,to:exact	blueprint	source=blueprint | CHAP-B NODE B.54 DEPENDS
BP.B.54	BP.B.16	proof-dep	B	OPEN	blueprint	from:exact,to:exact	blueprint	source=blueprint | CHAP-B NODE B.54 DEPENDS
BP.B.54	BP.B.18	proof-dep	B	OPEN	blueprint	from:exact,to:exact	blueprint	source=blueprint | CHAP-B NODE B.54 DEPENDS
BP.B.54	BP.B.20	proof-dep	B	OPEN	blueprint	from:exact,to:exact	blueprint	source=blueprint | CHAP-B NODE B.54 DEPENDS
BP.B.54	BP.B.34	proof-dep	B	OPEN	blueprint	from:exact,to:exact	blueprint	source=blueprint | CHAP-B NODE B.54 DEPENDS
BP.B.54	BP.B.53	proof-dep	B	OPEN	blueprint	from:exact,to:exact	blueprint	source=blueprint | CHAP-B NODE B.54 DEPENDS
BP.B.54	EFF.HE3.22	stmt-dep	B	OPEN	blueprint	from:exact,to:exact	blueprint	source=blueprint | CHAP-B NODE B.54 SOURCE (transcription)
BP.B.54	EFF.HE3.26	stmt-dep	B	OPEN	blueprint	from:exact,to:exact	blueprint	source=blueprint | CHAP-B NODE B.54 SOURCE (transcription)
BP.B.55	BP.B.13	proof-dep	B	OPEN	blueprint	from:exact,to:exact	blueprint	source=blueprint | CHAP-B NODE B.55 DEPENDS
BP.B.55	BP.B.20	proof-dep	B	OPEN	blueprint	from:exact,to:exact	blueprint	source=blueprint | CHAP-B NODE B.55 DEPENDS
BP.B.55	BP.B.52	proof-dep	B	OPEN	blueprint	from:exact,to:exact	blueprint	source=blueprint | CHAP-B NODE B.55 DEPENDS
BP.B.55	BP.B.54	proof-dep	B	OPEN	blueprint	from:exact,to:exact	blueprint	source=blueprint | CHAP-B NODE B.55 DEPENDS
BP.B.55	EFF.HE3.26	stmt-dep	B	OPEN	blueprint	from:exact,to:exact	blueprint	source=blueprint | CHAP-B NODE B.55 SOURCE (transcription)
BP.B.55	EFF.HE3.33	stmt-dep	B	OPEN	blueprint	from:exact,to:exact	blueprint	source=blueprint | CHAP-B NODE B.55 SOURCE (transcription)
BP.B.56	lean:efPair_pos_of_mem	stmt-dep	B	OPEN	blueprint	from:exact,to:exact	blueprint	source=blueprint | CHAP-B NODE B.56 DEPENDS landed API
BP.B.56	EFF.HE3.34	stmt-dep	B	OPEN	blueprint	from:exact,to:exact	blueprint	source=blueprint | CHAP-B NODE B.56 SOURCE (transcription)
BP.B.56	EFF.HE6.32	stmt-dep	B	OPEN	blueprint	from:exact,to:exact	blueprint	source=blueprint | CHAP-B NODE B.56 SOURCE (transcription)
BP.B.57	BP.B.13	proof-dep	B	OPEN	blueprint	from:exact,to:exact	blueprint	source=blueprint | CHAP-B NODE B.57 DEPENDS
BP.B.57	BP.B.16	proof-dep	B	OPEN	blueprint	from:exact,to:exact	blueprint	source=blueprint | CHAP-B NODE B.57 DEPENDS
BP.B.57	BP.B.18	proof-dep	B	OPEN	blueprint	from:exact,to:exact	blueprint	source=blueprint | CHAP-B NODE B.57 DEPENDS
BP.B.57	BP.B.20	proof-dep	B	OPEN	blueprint	from:exact,to:exact	blueprint	source=blueprint | CHAP-B NODE B.57 DEPENDS
BP.B.57	BP.B.30	proof-dep	B	OPEN	blueprint	from:exact,to:exact	blueprint	source=blueprint | CHAP-B NODE B.57 DEPENDS
BP.B.57	BP.B.33	proof-dep	B	OPEN	blueprint	from:exact,to:exact	blueprint	source=blueprint | CHAP-B NODE B.57 DEPENDS
BP.B.57	BP.B.35	proof-dep	B	OPEN	blueprint	from:exact,to:exact	blueprint	source=blueprint | CHAP-B NODE B.57 DEPENDS
BP.B.57	EFF.HE3.32	stmt-dep	B	OPEN	blueprint	from:exact,to:exact	blueprint	source=blueprint | CHAP-B NODE B.57 SOURCE (transcription)
BP.B.58	BP.B.13	proof-dep	B	OPEN	blueprint	from:exact,to:exact	blueprint	source=blueprint | CHAP-B NODE B.58 DEPENDS
BP.B.58	BP.B.52	proof-dep	B	OPEN	blueprint	from:exact,to:exact	blueprint	source=blueprint | CHAP-B NODE B.58 DEPENDS
BP.B.58	BP.B.55	proof-dep	B	OPEN	blueprint	from:exact,to:exact	blueprint	source=blueprint | CHAP-B NODE B.58 DEPENDS
BP.B.58	BP.B.56	proof-dep	B	OPEN	blueprint	from:exact,to:exact	blueprint	source=blueprint | CHAP-B NODE B.58 DEPENDS
BP.B.58	BP.B.57	proof-dep	B	OPEN	blueprint	from:exact,to:exact	blueprint	source=blueprint | CHAP-B NODE B.58 DEPENDS
BP.B.58	lean:efPair_pos_of_mem	stmt-dep	B	OPEN	blueprint	from:exact,to:exact	blueprint	source=blueprint | CHAP-B NODE B.58 DEPENDS landed API
BP.B.58	EFF.HE6.32	stmt-dep	B	OPEN	blueprint	from:exact,to:exact	blueprint	source=blueprint | CHAP-B NODE B.58 SOURCE (transcription)
BP.B.58	EFF.HE3.34	stmt-dep	B	OPEN	blueprint	from:exact,to:exact	blueprint	source=blueprint | CHAP-B NODE B.58 SOURCE (transcription)
BP.B.58	EFF.W12.s1of2.27	stmt-dep	B	OPEN	blueprint	from:exact,to:exact	blueprint	source=blueprint | CHAP-B NODE B.58 SOURCE (transcription); contiguous EFF.W12.27 (merged 2026-08-14) — remap mechanical per GC-12/H-9
BP.B.59	BP.B.15	proof-dep	B	OPEN	blueprint	from:exact,to:exact	blueprint	source=blueprint | CHAP-B NODE B.59 DEPENDS
BP.B.59	BP.B.24	proof-dep	B	OPEN	blueprint	from:exact,to:exact	blueprint	source=blueprint | CHAP-B NODE B.59 DEPENDS
BP.B.59	BP.B.25	proof-dep	B	OPEN	blueprint	from:exact,to:exact	blueprint	source=blueprint | CHAP-B NODE B.59 DEPENDS
BP.B.59	BP.B.26	proof-dep	B	OPEN	blueprint	from:exact,to:exact	blueprint	source=blueprint | CHAP-B NODE B.59 DEPENDS
BP.B.59	BP.B.28	proof-dep	B	OPEN	blueprint	from:exact,to:exact	blueprint	source=blueprint | CHAP-B NODE B.59 DEPENDS
BP.B.59	BP.B.29	proof-dep	B	OPEN	blueprint	from:exact,to:exact	blueprint	source=blueprint | CHAP-B NODE B.59 DEPENDS
BP.B.59	BP.B.30	proof-dep	B	OPEN	blueprint	from:exact,to:exact	blueprint	source=blueprint | CHAP-B NODE B.59 DEPENDS
BP.B.59	BP.B.44	proof-dep	B	OPEN	blueprint	from:exact,to:exact	blueprint	source=blueprint | CHAP-B NODE B.59 DEPENDS
BP.B.59	EFF.HE3.69	stmt-dep	B	OPEN	blueprint	from:exact,to:exact	blueprint	source=blueprint | CHAP-B NODE B.59 SOURCE (transcription)
BP.B.59	EFF.HE3.68	stmt-dep	B	OPEN	blueprint	from:exact,to:exact	blueprint	source=blueprint | CHAP-B NODE B.59 SOURCE (transcription)
BP.B.60	BP.B.13	proof-dep	B	OPEN	blueprint	from:exact,to:exact	blueprint	source=blueprint | CHAP-B NODE B.60 DEPENDS
BP.B.60	BP.B.44	proof-dep	B	OPEN	blueprint	from:exact,to:exact	blueprint	source=blueprint | CHAP-B NODE B.60 DEPENDS
BP.B.60	BP.B.59	proof-dep	B	OPEN	blueprint	from:exact,to:exact	blueprint	source=blueprint | CHAP-B NODE B.60 DEPENDS
BP.B.60	lean:typeOf_inert_of_irreducible_map	stmt-dep	B	OPEN	blueprint	from:exact,to:exact	blueprint	source=blueprint | CHAP-B NODE B.60 DEPENDS landed API
BP.B.60	lean:typeOf_scaleRoots	stmt-dep	B	OPEN	blueprint	from:exact,to:exact	blueprint	source=blueprint | CHAP-B NODE B.60 DEPENDS landed API
BP.B.60	EFF.HE3.68	stmt-dep	B	OPEN	blueprint	from:exact,to:exact	blueprint	source=blueprint | CHAP-B NODE B.60 SOURCE (transcription)
BP.B.61	BP.B.13	proof-dep	B	OPEN	blueprint	from:exact,to:exact	blueprint	source=blueprint | CHAP-B NODE B.61 DEPENDS
BP.B.61	BP.B.54	proof-dep	B	OPEN	blueprint	from:exact,to:exact	blueprint	source=blueprint | CHAP-B NODE B.61 DEPENDS
BP.B.61	BP.B.56	proof-dep	B	OPEN	blueprint	from:exact,to:exact	blueprint	source=blueprint | CHAP-B NODE B.61 DEPENDS
BP.B.61	BP.B.57	proof-dep	B	OPEN	blueprint	from:exact,to:exact	blueprint	source=blueprint | CHAP-B NODE B.61 DEPENDS
BP.B.61	lean:efPair_pos_of_mem	stmt-dep	B	OPEN	blueprint	from:exact,to:exact	blueprint	source=blueprint | CHAP-B NODE B.61 DEPENDS landed API
BP.B.61	EFF.HE6.29	stmt-dep	B	OPEN	blueprint	from:exact,to:exact	blueprint	source=blueprint | CHAP-B NODE B.61 SOURCE (transcription)
BP.B.61	EFF.HE3.26	stmt-dep	B	OPEN	blueprint	from:exact,to:exact	blueprint	source=blueprint | CHAP-B NODE B.61 SOURCE (transcription)
BP.B.62	BP.B.30	proof-dep	B	OPEN	blueprint	from:exact,to:exact	blueprint	source=blueprint | CHAP-B NODE B.62 DEPENDS
BP.B.62	BP.B.36	proof-dep	B	OPEN	blueprint	from:exact,to:exact	blueprint	source=blueprint | CHAP-B NODE B.62 DEPENDS
BP.B.62	BP.B.49	proof-dep	B	OPEN	blueprint	from:exact,to:exact	blueprint	source=blueprint | CHAP-B NODE B.62 DEPENDS
BP.B.62	BP.B.53	proof-dep	B	OPEN	blueprint	from:exact,to:exact	blueprint	source=blueprint | CHAP-B NODE B.62 DEPENDS
BP.B.62	EFF.HE6.29	stmt-dep	B	OPEN	blueprint	from:exact,to:exact	blueprint	source=blueprint | CHAP-B NODE B.62 SOURCE (transcription)
BP.B.62	EFF.HE3.26	stmt-dep	B	OPEN	blueprint	from:exact,to:exact	blueprint	source=blueprint | CHAP-B NODE B.62 SOURCE (transcription)
BP.B.63	BP.B.27	proof-dep	B	OPEN	blueprint	from:exact,to:exact	blueprint	source=blueprint | CHAP-B NODE B.63 DEPENDS
BP.B.63	BP.B.42	proof-dep	B	OPEN	blueprint	from:exact,to:exact	blueprint	source=blueprint | CHAP-B NODE B.63 DEPENDS
BP.B.63	BP.B.45	proof-dep	B	OPEN	blueprint	from:exact,to:exact	blueprint	source=blueprint | CHAP-B NODE B.63 DEPENDS
BP.B.63	BP.B.48	proof-dep	B	OPEN	blueprint	from:exact,to:exact	blueprint	source=blueprint | CHAP-B NODE B.63 DEPENDS
BP.B.63	BP.B.58	proof-dep	B	OPEN	blueprint	from:exact,to:exact	blueprint	source=blueprint | CHAP-B NODE B.63 DEPENDS
BP.B.63	BP.B.60	proof-dep	B	OPEN	blueprint	from:exact,to:exact	blueprint	source=blueprint | CHAP-B NODE B.63 DEPENDS
BP.B.63	BP.B.61	proof-dep	B	OPEN	blueprint	from:exact,to:exact	blueprint	source=blueprint | CHAP-B NODE B.63 DEPENDS
BP.B.63	lean:FactorizationType.degree_mk_add	stmt-dep	B	OPEN	blueprint	from:exact,to:exact	blueprint	source=blueprint | CHAP-B NODE B.63 DEPENDS landed API
BP.B.63	lean:monicFactors_mul	stmt-dep	B	OPEN	blueprint	from:exact,to:exact	blueprint	source=blueprint | CHAP-B NODE B.63 DEPENDS landed API
BP.B.63	lean:typeOf_mul	stmt-dep	B	OPEN	blueprint	from:exact,to:exact	blueprint	source=blueprint | CHAP-B NODE B.63 DEPENDS landed API
BP.B.63	EFF.W12.s1of2.27	stmt-dep	B	OPEN	blueprint	from:exact,to:exact	blueprint	source=blueprint | CHAP-B NODE B.63 SOURCE (transcription); contiguous EFF.W12.27 (merged 2026-08-14) — remap mechanical per GC-12/H-9
BP.B.63	EFF.HE3.15	stmt-dep	B	OPEN	blueprint	from:exact,to:exact	blueprint	source=blueprint | CHAP-B NODE B.63 SOURCE (transcription)
BP.B.63	EFF.W12.s2of2.34	stmt-dep	B	OPEN	blueprint	from:exact,to:exact	blueprint	source=blueprint | CHAP-B NODE B.63 SOURCE (transcription); contiguous EFF.W12.86 (merged 2026-08-14) — remap mechanical per GC-12/H-9
BP.B.64	BP.B.47	proof-dep	B	OPEN	blueprint	from:exact,to:exact	blueprint	source=blueprint | CHAP-B NODE B.64 DEPENDS
BP.B.64	EFF.HE6.36	stmt-dep	B	OPEN	blueprint	from:exact,to:exact	blueprint	source=blueprint | CHAP-B NODE B.64 SOURCE (transcription)
BP.B.64	EFF.HE6.37	stmt-dep	B	OPEN	blueprint	from:exact,to:exact	blueprint	source=blueprint | CHAP-B NODE B.64 SOURCE (transcription)
BP.B.64	EFF.HE6R1.09	stmt-dep	B	OPEN	blueprint	from:exact,to:exact	blueprint	source=blueprint | CHAP-B NODE B.64 SOURCE (transcription)
BP.B.65	BP.B.27	proof-dep	B	OPEN	blueprint	from:exact,to:exact	blueprint	source=blueprint | CHAP-B NODE B.65 DEPENDS
BP.B.65	BP.B.45	proof-dep	B	OPEN	blueprint	from:exact,to:exact	blueprint	source=blueprint | CHAP-B NODE B.65 DEPENDS
BP.B.65	BP.B.63	proof-dep	B	OPEN	blueprint	from:exact,to:exact	blueprint	source=blueprint | CHAP-B NODE B.65 DEPENDS
BP.B.65	BP.B.64	proof-dep	B	OPEN	blueprint	from:exact,to:exact	blueprint	source=blueprint | CHAP-B NODE B.65 DEPENDS
BP.B.66	BP.B.20	proof-dep	B	OPEN	blueprint	from:exact,to:exact	blueprint	source=blueprint | CHAP-B NODE B.66 DEPENDS
BP.B.66	BP.B.42	proof-dep	B	OPEN	blueprint	from:exact,to:exact	blueprint	source=blueprint | CHAP-B NODE B.66 DEPENDS
BP.B.66	BP.B.45	proof-dep	B	OPEN	blueprint	from:exact,to:exact	blueprint	source=blueprint | CHAP-B NODE B.66 DEPENDS
BP.B.66	EFF.W12.s2of2.10	stmt-dep	B	OPEN	blueprint	from:exact,to:exact	blueprint	source=blueprint | CHAP-B NODE B.66 SOURCE (transcription); contiguous EFF.W12.62 (merged 2026-08-14) — remap mechanical per GC-12/H-9
BP.B.66	EFF.HE3.15	stmt-dep	B	OPEN	blueprint	from:exact,to:exact	blueprint	source=blueprint | CHAP-B NODE B.66 SOURCE (transcription)
BP.B.66	EFF.HE3.16	stmt-dep	B	OPEN	blueprint	from:exact,to:exact	blueprint	source=blueprint | CHAP-B NODE B.66 SOURCE (transcription)
BP.B.67	BP.B.46	proof-dep	B	OPEN	blueprint	from:exact,to:exact	blueprint	source=blueprint | CHAP-B NODE B.67 DEPENDS
BP.B.67	BP.B.63	proof-dep	B	OPEN	blueprint	from:exact,to:exact	blueprint	source=blueprint | CHAP-B NODE B.67 DEPENDS (micro-node B.63a cited via parent)
BP.B.67	lean:exists_monic_factorization_finset	stmt-dep	B	OPEN	blueprint	from:exact,to:exact	blueprint	source=blueprint | CHAP-B NODE B.67 DEPENDS landed API
BP.B.67	lean:monicFactors_mul	stmt-dep	B	OPEN	blueprint	from:exact,to:exact	blueprint	source=blueprint | CHAP-B NODE B.67 DEPENDS landed API
BP.B.67	lean:typeOf_mul	stmt-dep	B	OPEN	blueprint	from:exact,to:exact	blueprint	source=blueprint | CHAP-B NODE B.67 DEPENDS landed API
BP.B.67	lean:typeOf_of_residual_coprime	stmt-dep	B	OPEN	blueprint	from:exact,to:exact	blueprint	source=blueprint | CHAP-B NODE B.67 DEPENDS landed API
BP.B.67	EFF.W12.s1of2.21	stmt-dep	B	OPEN	blueprint	from:exact,to:exact	blueprint	source=blueprint | CHAP-B NODE B.67 SOURCE (transcription); contiguous EFF.W12.21 (merged 2026-08-14) — remap mechanical per GC-12/H-9
BP.B.67	EFF.W12.s1of2.22	stmt-dep	B	OPEN	blueprint	from:exact,to:exact	blueprint	source=blueprint | CHAP-B NODE B.67 SOURCE (transcription); contiguous EFF.W12.22 (merged 2026-08-14) — remap mechanical per GC-12/H-9
BP.B.68	BP.B.67	proof-dep	B	OPEN	blueprint	from:exact,to:exact	blueprint	source=blueprint | CHAP-B NODE B.68 DEPENDS
BP.B.68	lean:typeOf_inert_of_irreducible_map	stmt-dep	B	OPEN	blueprint	from:exact,to:exact	blueprint	source=blueprint | CHAP-B NODE B.68 DEPENDS landed API
BP.B.68	EFF.W12.s1of2.22	stmt-dep	B	OPEN	blueprint	from:exact,to:exact	blueprint	source=blueprint | CHAP-B NODE B.68 SOURCE (transcription); contiguous EFF.W12.22 (merged 2026-08-14) — remap mechanical per GC-12/H-9
BP.B.69	BP.B.02	proof-dep	B	OPEN	blueprint	from:exact,to:exact	blueprint	source=blueprint | CHAP-B NODE B.69 DEPENDS
BP.B.69	BP.B.07	proof-dep	B	OPEN	blueprint	from:exact,to:exact	blueprint	source=blueprint | CHAP-B NODE B.69 DEPENDS
BP.B.69	BP.B.11	proof-dep	B	OPEN	blueprint	from:exact,to:exact	blueprint	source=blueprint | CHAP-B NODE B.69 DEPENDS
BP.B.69	EFF.HE3.27	stmt-dep	B	OPEN	blueprint	from:exact,to:exact	blueprint	source=blueprint | CHAP-B NODE B.69 SOURCE (transcription)
BP.B.70	BP.B.15	proof-dep	B	OPEN	blueprint	from:exact,to:exact	blueprint	source=blueprint | CHAP-B NODE B.70 DEPENDS
BP.B.70	BP.B.16	proof-dep	B	OPEN	blueprint	from:exact,to:exact	blueprint	source=blueprint | CHAP-B NODE B.70 DEPENDS
BP.B.70	BP.B.20	proof-dep	B	OPEN	blueprint	from:exact,to:exact	blueprint	source=blueprint | CHAP-B NODE B.70 DEPENDS
BP.B.70	lean:dvd_sub_coeff_of_scaleRoots	stmt-dep	B	OPEN	blueprint	from:exact,to:exact	blueprint	source=blueprint | CHAP-B NODE B.70 DEPENDS landed API
BP.B.70	EFF.W12.s2of2.27	stmt-dep	B	OPEN	blueprint	from:exact,to:exact	blueprint	source=blueprint | CHAP-B NODE B.70 SOURCE (transcription); contiguous EFF.W12.79 (merged 2026-08-14) — remap mechanical per GC-12/H-9
BP.B.71	BP.B.63	proof-dep	B	OPEN	blueprint	from:exact,to:exact	blueprint	source=blueprint | CHAP-B NODE B.71 DEPENDS
BP.B.71	BP.B.66	proof-dep	B	OPEN	blueprint	from:exact,to:exact	blueprint	source=blueprint | CHAP-B NODE B.71 DEPENDS
BP.B.71	BP.B.67	proof-dep	B	OPEN	blueprint	from:exact,to:exact	blueprint	source=blueprint | CHAP-B NODE B.71 DEPENDS
BP.B.71	BP.B.68	proof-dep	B	OPEN	blueprint	from:exact,to:exact	blueprint	source=blueprint | CHAP-B NODE B.71 DEPENDS
BP.B.71	EFF.W12.s1of2.09	stmt-dep	B	OPEN	blueprint	from:exact,to:exact	blueprint	source=blueprint | CHAP-B NODE B.71 SOURCE (transcription); contiguous EFF.W12.09 (merged 2026-08-14) — remap mechanical per GC-12/H-9
BP.B.71	EFF.W12.s1of2.29	stmt-dep	B	OPEN	blueprint	from:exact,to:exact	blueprint	source=blueprint | CHAP-B NODE B.71 SOURCE (transcription); contiguous EFF.W12.29 (merged 2026-08-14) — remap mechanical per GC-12/H-9
BP.B.71	EFF.HE3.16	stmt-dep	B	OPEN	blueprint	from:exact,to:exact	blueprint	source=blueprint | CHAP-B NODE B.71 SOURCE (transcription)
BP.B.72	BP.B.13	proof-dep	B	OPEN	blueprint	from:exact,to:exact	blueprint	source=blueprint | CHAP-B NODE B.72 DEPENDS
BP.B.72	BP.B.20	proof-dep	B	OPEN	blueprint	from:exact,to:exact	blueprint	source=blueprint | CHAP-B NODE B.72 DEPENDS
BP.B.72	BP.B.30	proof-dep	B	OPEN	blueprint	from:exact,to:exact	blueprint	source=blueprint | CHAP-B NODE B.72 DEPENDS
BP.B.72	BP.B.42	proof-dep	B	OPEN	blueprint	from:exact,to:exact	blueprint	source=blueprint | CHAP-B NODE B.72 DEPENDS
BP.B.72	BP.B.45	proof-dep	B	OPEN	blueprint	from:exact,to:exact	blueprint	source=blueprint | CHAP-B NODE B.72 DEPENDS
BP.B.72	BP.B.66	proof-dep	B	OPEN	blueprint	from:exact,to:exact	blueprint	source=blueprint | CHAP-B NODE B.72 DEPENDS
BP.B.72	lean:FactorizationType.degree_mk_add	stmt-dep	B	OPEN	blueprint	from:exact,to:exact	blueprint	source=blueprint | CHAP-B NODE B.72 DEPENDS landed API
BP.B.72	EFF.HE6.30	stmt-dep	B	OPEN	blueprint	from:exact,to:exact	blueprint	source=blueprint | CHAP-B NODE B.72 SOURCE (transcription)
BP.B.72	EFF.HE6.59	stmt-dep	B	OPEN	blueprint	from:exact,to:exact	blueprint	source=blueprint | CHAP-B NODE B.72 SOURCE (transcription)
BP.B.72	EFF.HE3.13	stmt-dep	B	OPEN	blueprint	from:exact,to:exact	blueprint	source=blueprint | CHAP-B NODE B.72 SOURCE (transcription)
BP.B.73	BP.B.16	proof-dep	B	OPEN	blueprint	from:exact,to:exact	blueprint	source=blueprint | CHAP-B NODE B.73 DEPENDS
BP.B.73	BP.B.20	proof-dep	B	OPEN	blueprint	from:exact,to:exact	blueprint	source=blueprint | CHAP-B NODE B.73 DEPENDS
BP.B.73	BP.B.29	proof-dep	B	OPEN	blueprint	from:exact,to:exact	blueprint	source=blueprint | CHAP-B NODE B.73 DEPENDS
BP.B.73	EFF.HE3.15	stmt-dep	B	OPEN	blueprint	from:exact,to:exact	blueprint	source=blueprint | CHAP-B NODE B.73 SOURCE (transcription)
BP.B.73	EFF.W12.s2of2.34	stmt-dep	B	OPEN	blueprint	from:exact,to:exact	blueprint	source=blueprint | CHAP-B NODE B.73 SOURCE (transcription); contiguous EFF.W12.86 (merged 2026-08-14) — remap mechanical per GC-12/H-9
BP.B.74	BP.B.10	proof-dep	B	OPEN	blueprint	from:exact,to:exact	blueprint	source=blueprint | CHAP-B NODE B.74 DEPENDS
BP.B.74	BP.B.73	proof-dep	B	OPEN	blueprint	from:exact,to:exact	blueprint	source=blueprint | CHAP-B NODE B.74 DEPENDS
BP.B.74	BP.B.75	proof-dep	B	OPEN	blueprint	from:exact,to:exact	blueprint	source=blueprint | CHAP-B NODE B.74 DEPENDS
BP.B.74	BP.B.77	proof-dep	B	OPEN	blueprint	from:exact,to:exact	blueprint	source=blueprint | CHAP-B NODE B.74 DEPENDS
BP.B.74	EFF.HE3.67	stmt-dep	B	OPEN	blueprint	from:exact,to:exact	blueprint	source=blueprint | CHAP-B NODE B.74 SOURCE (transcription)
BP.B.74	EFF.W12.s1of2.27	stmt-dep	B	OPEN	blueprint	from:exact,to:exact	blueprint	source=blueprint | CHAP-B NODE B.74 SOURCE (transcription); contiguous EFF.W12.27 (merged 2026-08-14) — remap mechanical per GC-12/H-9
BP.B.75	BP.B.02	proof-dep	B	OPEN	blueprint	from:exact,to:exact	blueprint	source=blueprint | CHAP-B NODE B.75 DEPENDS
BP.B.75	EFF.HE3.67	stmt-dep	B	OPEN	blueprint	from:exact,to:exact	blueprint	source=blueprint | CHAP-B NODE B.75 SOURCE (transcription)
BP.B.75	EFF.W12.s1of2.23	stmt-dep	B	OPEN	blueprint	from:exact,to:exact	blueprint	source=blueprint | CHAP-B NODE B.75 SOURCE (transcription); contiguous EFF.W12.23 (merged 2026-08-14) — remap mechanical per GC-12/H-9
BP.B.75	EFF.W12.s1of2.28	stmt-dep	B	OPEN	blueprint	from:exact,to:exact	blueprint	source=blueprint | CHAP-B NODE B.75 SOURCE (transcription); contiguous EFF.W12.28 (merged 2026-08-14) — remap mechanical per GC-12/H-9
BP.B.75	EFF.HE3.55	stmt-dep	B	OPEN	blueprint	from:exact,to:exact	blueprint	source=blueprint | CHAP-B NODE B.75 SOURCE (transcription)
BP.B.76	BP.B.02	proof-dep	B	OPEN	blueprint	from:exact,to:exact	blueprint	source=blueprint | CHAP-B NODE B.76 DEPENDS
BP.B.76	BP.B.07	proof-dep	B	OPEN	blueprint	from:exact,to:exact	blueprint	source=blueprint | CHAP-B NODE B.76 DEPENDS
BP.B.76	BP.B.08	proof-dep	B	OPEN	blueprint	from:exact,to:exact	blueprint	source=blueprint | CHAP-B NODE B.76 DEPENDS
BP.B.76	BP.B.10	proof-dep	B	OPEN	blueprint	from:exact,to:exact	blueprint	source=blueprint | CHAP-B NODE B.76 DEPENDS
BP.B.76	BP.B.11	proof-dep	B	OPEN	blueprint	from:exact,to:exact	blueprint	source=blueprint | CHAP-B NODE B.76 DEPENDS
BP.B.76	BP.B.75	proof-dep	B	OPEN	blueprint	from:exact,to:exact	blueprint	source=blueprint | CHAP-B NODE B.76 DEPENDS
BP.B.76	EFF.HE3.67	stmt-dep	B	OPEN	blueprint	from:exact,to:exact	blueprint	source=blueprint | CHAP-B NODE B.76 SOURCE (transcription)
BP.B.76	EFF.W12.s1of2.23	stmt-dep	B	OPEN	blueprint	from:exact,to:exact	blueprint	source=blueprint | CHAP-B NODE B.76 SOURCE (transcription); contiguous EFF.W12.23 (merged 2026-08-14) — remap mechanical per GC-12/H-9
BP.B.77	BP.B.02	proof-dep	B	OPEN	blueprint	from:exact,to:exact	blueprint	source=blueprint | CHAP-B NODE B.77 DEPENDS
BP.B.77	BP.B.07	proof-dep	B	OPEN	blueprint	from:exact,to:exact	blueprint	source=blueprint | CHAP-B NODE B.77 DEPENDS
BP.B.77	BP.B.08	proof-dep	B	OPEN	blueprint	from:exact,to:exact	blueprint	source=blueprint | CHAP-B NODE B.77 DEPENDS
BP.B.77	BP.B.10	proof-dep	B	OPEN	blueprint	from:exact,to:exact	blueprint	source=blueprint | CHAP-B NODE B.77 DEPENDS
BP.B.77	BP.B.11	proof-dep	B	OPEN	blueprint	from:exact,to:exact	blueprint	source=blueprint | CHAP-B NODE B.77 DEPENDS
BP.B.77	BP.B.14	proof-dep	B	OPEN	blueprint	from:exact,to:exact	blueprint	source=blueprint | CHAP-B NODE B.77 DEPENDS
BP.B.77	BP.B.16	proof-dep	B	OPEN	blueprint	from:exact,to:exact	blueprint	source=blueprint | CHAP-B NODE B.77 DEPENDS
BP.B.77	BP.B.20	proof-dep	B	OPEN	blueprint	from:exact,to:exact	blueprint	source=blueprint | CHAP-B NODE B.77 DEPENDS
BP.B.77	BP.B.21	proof-dep	B	OPEN	blueprint	from:exact,to:exact	blueprint	source=blueprint | CHAP-B NODE B.77 DEPENDS
BP.B.77	BP.B.22	proof-dep	B	OPEN	blueprint	from:exact,to:exact	blueprint	source=blueprint | CHAP-B NODE B.77 DEPENDS
BP.B.77	BP.B.23	proof-dep	B	OPEN	blueprint	from:exact,to:exact	blueprint	source=blueprint | CHAP-B NODE B.77 DEPENDS
BP.B.77	BP.B.24	proof-dep	B	OPEN	blueprint	from:exact,to:exact	blueprint	source=blueprint | CHAP-B NODE B.77 DEPENDS
BP.B.77	BP.B.25	proof-dep	B	OPEN	blueprint	from:exact,to:exact	blueprint	source=blueprint | CHAP-B NODE B.77 DEPENDS
BP.B.77	BP.B.28	proof-dep	B	OPEN	blueprint	from:exact,to:exact	blueprint	source=blueprint | CHAP-B NODE B.77 DEPENDS
BP.B.77	BP.B.29	proof-dep	B	OPEN	blueprint	from:exact,to:exact	blueprint	source=blueprint | CHAP-B NODE B.77 DEPENDS
BP.B.77	BP.B.75	proof-dep	B	OPEN	blueprint	from:exact,to:exact	blueprint	source=blueprint | CHAP-B NODE B.77 DEPENDS
BP.B.77	BP.B.76	proof-dep	B	OPEN	blueprint	from:exact,to:exact	blueprint	source=blueprint | CHAP-B NODE B.77 DEPENDS
BP.B.77	EFF.W12.s1of2.27	stmt-dep	B	OPEN	blueprint	from:exact,to:exact	blueprint	source=blueprint | CHAP-B NODE B.77 SOURCE (transcription); contiguous EFF.W12.27 (merged 2026-08-14) — remap mechanical per GC-12/H-9
BP.B.77	EFF.HE3.67	stmt-dep	B	OPEN	blueprint	from:exact,to:exact	blueprint	source=blueprint | CHAP-B NODE B.77 SOURCE (transcription)
BP.B.77	EFF.W12.s2of2.32	stmt-dep	B	OPEN	blueprint	from:exact,to:exact	blueprint	source=blueprint | CHAP-B NODE B.77 SOURCE (transcription); contiguous EFF.W12.84 (merged 2026-08-14) — remap mechanical per GC-12/H-9
BP.B.78	EFF.W12.s1of2.21	stmt-dep	B	OPEN	blueprint	from:exact,to:exact	blueprint	source=blueprint | CHAP-B NODE B.78 SOURCE (transcription); contiguous EFF.W12.21 (merged 2026-08-14) — remap mechanical per GC-12/H-9
BP.B.78	EFF.W12.s2of2.33	stmt-dep	B	OPEN	blueprint	from:exact,to:exact	blueprint	source=blueprint | CHAP-B NODE B.78 SOURCE (transcription); contiguous EFF.W12.85 (merged 2026-08-14) — remap mechanical per GC-12/H-9
BP.B.79	BP.B.13	proof-dep	B	OPEN	blueprint	from:exact,to:exact	blueprint	source=blueprint | CHAP-B NODE B.79 DEPENDS
BP.B.79	BP.B.42	proof-dep	B	OPEN	blueprint	from:exact,to:exact	blueprint	source=blueprint | CHAP-B NODE B.79 DEPENDS
BP.B.79	BP.B.45	proof-dep	B	OPEN	blueprint	from:exact,to:exact	blueprint	source=blueprint | CHAP-B NODE B.79 DEPENDS
BP.B.79	BP.B.58	proof-dep	B	OPEN	blueprint	from:exact,to:exact	blueprint	source=blueprint | CHAP-B NODE B.79 DEPENDS
BP.B.79	BP.B.60	proof-dep	B	OPEN	blueprint	from:exact,to:exact	blueprint	source=blueprint | CHAP-B NODE B.79 DEPENDS
BP.B.79	BP.B.61	proof-dep	B	OPEN	blueprint	from:exact,to:exact	blueprint	source=blueprint | CHAP-B NODE B.79 DEPENDS
BP.B.79	BP.B.63	proof-dep	B	OPEN	blueprint	from:exact,to:exact	blueprint	source=blueprint | CHAP-B NODE B.79 DEPENDS
BP.B.79	BP.B.66	proof-dep	B	OPEN	blueprint	from:exact,to:exact	blueprint	source=blueprint | CHAP-B NODE B.79 DEPENDS
BP.B.79	BP.B.73	proof-dep	B	OPEN	blueprint	from:exact,to:exact	blueprint	source=blueprint | CHAP-B NODE B.79 DEPENDS
BP.B.79	BP.B.74	proof-dep	B	OPEN	blueprint	from:exact,to:exact	blueprint	source=blueprint | CHAP-B NODE B.79 DEPENDS
BP.B.79	BP.B.75	proof-dep	B	OPEN	blueprint	from:exact,to:exact	blueprint	source=blueprint | CHAP-B NODE B.79 DEPENDS
BP.B.79	BP.B.76	proof-dep	B	OPEN	blueprint	from:exact,to:exact	blueprint	source=blueprint | CHAP-B NODE B.79 DEPENDS
BP.B.79	BP.B.77	proof-dep	B	OPEN	blueprint	from:exact,to:exact	blueprint	source=blueprint | CHAP-B NODE B.79 DEPENDS
BP.B.79	EFF.HE3.67	stmt-dep	B	OPEN	blueprint	from:exact,to:exact	blueprint	source=blueprint | CHAP-B NODE B.79 SOURCE (transcription)
BP.B.79	EFF.HE3.15	stmt-dep	B	OPEN	blueprint	from:exact,to:exact	blueprint	source=blueprint | CHAP-B NODE B.79 SOURCE (transcription)
BP.B.79	EFF.W12.s2of2.34	stmt-dep	B	OPEN	blueprint	from:exact,to:exact	blueprint	source=blueprint | CHAP-B NODE B.79 SOURCE (transcription); contiguous EFF.W12.86 (merged 2026-08-14) — remap mechanical per GC-12/H-9
BP.B.79	EFF.W12.s1of2.27	stmt-dep	B	OPEN	blueprint	from:exact,to:exact	blueprint	source=blueprint | CHAP-B NODE B.79 SOURCE (transcription); contiguous EFF.W12.27 (merged 2026-08-14) — remap mechanical per GC-12/H-9
BP.B.80	BP.B.46	proof-dep	B	OPEN	blueprint	from:exact,to:exact	blueprint	source=blueprint | CHAP-B NODE B.80 DEPENDS
BP.B.80	BP.B.63	proof-dep	B	OPEN	blueprint	from:exact,to:exact	blueprint	source=blueprint | CHAP-B NODE B.80 DEPENDS (micro-node B.63a cited via parent)
BP.B.80	BP.B.66	proof-dep	B	OPEN	blueprint	from:exact,to:exact	blueprint	source=blueprint | CHAP-B NODE B.80 DEPENDS
BP.B.80	BP.B.75	proof-dep	B	OPEN	blueprint	from:exact,to:exact	blueprint	source=blueprint | CHAP-B NODE B.80 DEPENDS
BP.B.80	BP.B.78	proof-dep	B	OPEN	blueprint	from:exact,to:exact	blueprint	source=blueprint | CHAP-B NODE B.80 DEPENDS
BP.B.80	BP.B.79	proof-dep	B	OPEN	blueprint	from:exact,to:exact	blueprint	source=blueprint | CHAP-B NODE B.80 DEPENDS
BP.B.80	lean:decidedAt_of_congr	stmt-dep	B	OPEN	blueprint	from:exact,to:exact	blueprint	source=blueprint | CHAP-B NODE B.80 DEPENDS landed API
BP.B.80	lean:exists_monic_factorization_finset	stmt-dep	B	OPEN	blueprint	from:exact,to:exact	blueprint	source=blueprint | CHAP-B NODE B.80 DEPENDS landed API
BP.B.80	lean:proj_eq_iff_dvd	stmt-dep	B	OPEN	blueprint	from:exact,to:exact	blueprint	source=blueprint | CHAP-B NODE B.80 DEPENDS landed API
BP.B.80	EFF.W12.s1of2.27	stmt-dep	B	OPEN	blueprint	from:exact,to:exact	blueprint	source=blueprint | CHAP-B NODE B.80 SOURCE (transcription); contiguous EFF.W12.27 (merged 2026-08-14) — remap mechanical per GC-12/H-9
BP.B.80	EFF.W12.s1of2.51	stmt-dep	B	OPEN	blueprint	from:exact,to:exact	blueprint	source=blueprint | CHAP-B NODE B.80 SOURCE (transcription); contiguous EFF.W12.51 (merged 2026-08-14) — remap mechanical per GC-12/H-9
BP.B.80	EFF.W12.s1of2.21	stmt-dep	B	OPEN	blueprint	from:exact,to:exact	blueprint	source=blueprint | CHAP-B NODE B.80 SOURCE (transcription); contiguous EFF.W12.21 (merged 2026-08-14) — remap mechanical per GC-12/H-9
BP.B.80	EFF.W12.s1of2.08	stmt-dep	B	OPEN	blueprint	from:exact,to:exact	blueprint	source=blueprint | CHAP-B NODE B.80 SOURCE (transcription); contiguous EFF.W12.08 (merged 2026-08-14) — remap mechanical per GC-12/H-9
BP.B.80	EFF.HE3.16	stmt-dep	B	OPEN	blueprint	from:exact,to:exact	blueprint	source=blueprint | CHAP-B NODE B.80 SOURCE (transcription)
BP.B.81	BP.B.63	proof-dep	B	OPEN	blueprint	from:exact,to:exact	blueprint	source=blueprint | CHAP-B NODE B.81 DEPENDS (micro-node B.63a cited via parent)
BP.B.81	BP.B.66	proof-dep	B	OPEN	blueprint	from:exact,to:exact	blueprint	source=blueprint | CHAP-B NODE B.81 DEPENDS
BP.B.81	BP.B.76	proof-dep	B	OPEN	blueprint	from:exact,to:exact	blueprint	source=blueprint | CHAP-B NODE B.81 DEPENDS
BP.B.81	BP.B.79	proof-dep	B	OPEN	blueprint	from:exact,to:exact	blueprint	source=blueprint | CHAP-B NODE B.81 DEPENDS
BP.B.81	BP.B.80	proof-dep	B	OPEN	blueprint	from:exact,to:exact	blueprint	source=blueprint | CHAP-B NODE B.81 DEPENDS
BP.B.81	EFF.HE3.67	stmt-dep	B	OPEN	blueprint	from:exact,to:exact	blueprint	source=blueprint | CHAP-B NODE B.81 SOURCE (transcription)
BP.B.81	EFF.HE3.55	stmt-dep	B	OPEN	blueprint	from:exact,to:exact	blueprint	source=blueprint | CHAP-B NODE B.81 SOURCE (transcription)
BP.B.81	EFF.W12.s2of2.34	stmt-dep	B	OPEN	blueprint	from:exact,to:exact	blueprint	source=blueprint | CHAP-B NODE B.81 SOURCE (transcription); contiguous EFF.W12.86 (merged 2026-08-14) — remap mechanical per GC-12/H-9
BP.B.82	BP.B.66	proof-dep	B	OPEN	blueprint	from:exact,to:exact	blueprint	source=blueprint | CHAP-B NODE B.82 DEPENDS
BP.B.82	BP.B.78	proof-dep	B	OPEN	blueprint	from:exact,to:exact	blueprint	source=blueprint | CHAP-B NODE B.82 DEPENDS
BP.B.82	BP.B.79	proof-dep	B	OPEN	blueprint	from:exact,to:exact	blueprint	source=blueprint | CHAP-B NODE B.82 DEPENDS
BP.B.82	lean:decidedAt_of_congr	stmt-dep	B	OPEN	blueprint	from:exact,to:exact	blueprint	source=blueprint | CHAP-B NODE B.82 DEPENDS landed API
BP.B.82	EFF.W12.s1of2.27	stmt-dep	B	OPEN	blueprint	from:exact,to:exact	blueprint	source=blueprint | CHAP-B NODE B.82 SOURCE (transcription); contiguous EFF.W12.27 (merged 2026-08-14) — remap mechanical per GC-12/H-9
BP.B.82	EFF.HE3.67	stmt-dep	B	OPEN	blueprint	from:exact,to:exact	blueprint	source=blueprint | CHAP-B NODE B.82 SOURCE (transcription)
BP.B.83	BP.B.06	proof-dep	B	OPEN	blueprint	from:exact,to:exact	blueprint	source=blueprint | CHAP-B NODE B.83 DEPENDS
BP.B.83	BP.B.08	proof-dep	B	OPEN	blueprint	from:exact,to:exact	blueprint	source=blueprint | CHAP-B NODE B.83 DEPENDS
BP.B.83	BP.B.15	proof-dep	B	OPEN	blueprint	from:exact,to:exact	blueprint	source=blueprint | CHAP-B NODE B.83 DEPENDS
BP.B.83	BP.B.20	proof-dep	B	OPEN	blueprint	from:exact,to:exact	blueprint	source=blueprint | CHAP-B NODE B.83 DEPENDS
BP.B.83	BP.B.30	proof-dep	B	OPEN	blueprint	from:exact,to:exact	blueprint	source=blueprint | CHAP-B NODE B.83 DEPENDS
BP.B.83	BP.B.66	proof-dep	B	OPEN	blueprint	from:exact,to:exact	blueprint	source=blueprint | CHAP-B NODE B.83 DEPENDS
BP.B.83	BP.B.73	proof-dep	B	OPEN	blueprint	from:exact,to:exact	blueprint	source=blueprint | CHAP-B NODE B.83 DEPENDS
BP.B.83	BP.B.75	proof-dep	B	OPEN	blueprint	from:exact,to:exact	blueprint	source=blueprint | CHAP-B NODE B.83 DEPENDS
BP.B.83	BP.B.82	proof-dep	B	OPEN	blueprint	from:exact,to:exact	blueprint	source=blueprint | CHAP-B NODE B.83 DEPENDS
BP.B.83	BP.B.80	proof-dep	B	OPEN	blueprint	from:exact,to:exact	blueprint	source=blueprint | CHAP-B NODE B.83 DEPENDS
BP.B.83	EFF.W12.s1of2.29	stmt-dep	B	OPEN	blueprint	from:exact,to:exact	blueprint	source=blueprint | CHAP-B NODE B.83 SOURCE (transcription); contiguous EFF.W12.29 (merged 2026-08-14) — remap mechanical per GC-12/H-9
BP.B.83	EFF.HE3.52	stmt-dep	B	OPEN	blueprint	from:exact,to:exact	blueprint	source=blueprint | CHAP-B NODE B.83 SOURCE (transcription)
BP.B.84	BP.B.06	proof-dep	B	OPEN	blueprint	from:exact,to:exact	blueprint	source=blueprint | CHAP-B NODE B.84 DEPENDS
BP.B.84	BP.B.08	proof-dep	B	OPEN	blueprint	from:exact,to:exact	blueprint	source=blueprint | CHAP-B NODE B.84 DEPENDS
BP.B.84	BP.B.15	proof-dep	B	OPEN	blueprint	from:exact,to:exact	blueprint	source=blueprint | CHAP-B NODE B.84 DEPENDS
BP.B.84	BP.B.20	proof-dep	B	OPEN	blueprint	from:exact,to:exact	blueprint	source=blueprint | CHAP-B NODE B.84 DEPENDS
BP.B.84	BP.B.30	proof-dep	B	OPEN	blueprint	from:exact,to:exact	blueprint	source=blueprint | CHAP-B NODE B.84 DEPENDS
BP.B.84	BP.B.66	proof-dep	B	OPEN	blueprint	from:exact,to:exact	blueprint	source=blueprint | CHAP-B NODE B.84 DEPENDS
BP.B.84	BP.B.73	proof-dep	B	OPEN	blueprint	from:exact,to:exact	blueprint	source=blueprint | CHAP-B NODE B.84 DEPENDS
BP.B.84	BP.B.75	proof-dep	B	OPEN	blueprint	from:exact,to:exact	blueprint	source=blueprint | CHAP-B NODE B.84 DEPENDS
BP.B.84	BP.B.82	proof-dep	B	OPEN	blueprint	from:exact,to:exact	blueprint	source=blueprint | CHAP-B NODE B.84 DEPENDS
BP.B.84	BP.B.80	proof-dep	B	OPEN	blueprint	from:exact,to:exact	blueprint	source=blueprint | CHAP-B NODE B.84 DEPENDS
BP.B.84	EFF.HE6.37	stmt-dep	B	OPEN	blueprint	from:exact,to:exact	blueprint	source=blueprint | CHAP-B NODE B.84 SOURCE (transcription)
BP.B.84	EFF.HE6R1.29	stmt-dep	B	OPEN	blueprint	from:exact,to:exact	blueprint	source=blueprint | CHAP-B NODE B.84 SOURCE (transcription)
BP.B.85	BP.B.06	proof-dep	B	OPEN	blueprint	from:exact,to:exact	blueprint	source=blueprint | CHAP-B NODE B.85 DEPENDS
BP.B.85	BP.B.08	proof-dep	B	OPEN	blueprint	from:exact,to:exact	blueprint	source=blueprint | CHAP-B NODE B.85 DEPENDS
BP.B.85	BP.B.20	proof-dep	B	OPEN	blueprint	from:exact,to:exact	blueprint	source=blueprint | CHAP-B NODE B.85 DEPENDS
BP.B.85	BP.B.30	proof-dep	B	OPEN	blueprint	from:exact,to:exact	blueprint	source=blueprint | CHAP-B NODE B.85 DEPENDS
BP.B.85	BP.B.66	proof-dep	B	OPEN	blueprint	from:exact,to:exact	blueprint	source=blueprint | CHAP-B NODE B.85 DEPENDS
BP.B.85	BP.B.73	proof-dep	B	OPEN	blueprint	from:exact,to:exact	blueprint	source=blueprint | CHAP-B NODE B.85 DEPENDS
BP.B.85	BP.B.75	proof-dep	B	OPEN	blueprint	from:exact,to:exact	blueprint	source=blueprint | CHAP-B NODE B.85 DEPENDS
BP.B.85	BP.B.82	proof-dep	B	OPEN	blueprint	from:exact,to:exact	blueprint	source=blueprint | CHAP-B NODE B.85 DEPENDS
BP.B.85	EFF.W12.s1of2.29	stmt-dep	B	OPEN	blueprint	from:exact,to:exact	blueprint	source=blueprint | CHAP-B NODE B.85 SOURCE (transcription); contiguous EFF.W12.29 (merged 2026-08-14) — remap mechanical per GC-12/H-9
BP.B.85	EFF.HE3.33	stmt-dep	B	OPEN	blueprint	from:exact,to:exact	blueprint	source=blueprint | CHAP-B NODE B.85 SOURCE (transcription)
BP.B.85	EFF.HE6.52	stmt-dep	B	OPEN	blueprint	from:exact,to:exact	blueprint	source=blueprint | CHAP-B NODE B.85 SOURCE (transcription)
BP.B.65	HYP.14	stmt-dep	B	OPEN	blueprint	from:exact,to:exact	blueprint	source=blueprint | CHAP-B structural: B.65 discharges NS-6 (HYP.14) AT ORDER 1 ONLY — PARTIAL; the order-r statement is chapter C's (B.65 ⚠)
BP.B.58	HYP.01	stmt-dep	B	OPEN	blueprint	from:exact,to:exact	blueprint	source=blueprint | CHAP-B structural: the (e,f) read is over the ORDER AdjoinRoot g (D-3); typeOf faithfulness HYP.01 [CORE-SET] stays open, disclosed not discharged (H-7)
BP.B.58	HYP.12	stmt-dep	B	OPEN	blueprint	from:exact,to:exact	blueprint	source=blueprint | CHAP-B structural: the (e,f) ordering convention HYP.12 [CORE-SET] disclosed not discharged (H-7)
BP.B.29	BP.B.25	stmt-dep	B	OPEN	blueprint	from:exact,to:exact	blueprint	source=blueprint | CHAP-B NODE B.29 SIGNATURE (resField) — stmt-dep extraction gap, added at A-F.4 (2026-08-15)
BP.B.41	BP.B.25	stmt-dep	B	OPEN	blueprint	from:exact,to:exact	blueprint	source=blueprint | CHAP-B NODE B.41 SIGNATURE (resField) — stmt-dep extraction gap, added at A-F.4 (2026-08-15)
BP.B.43	BP.B.29	stmt-dep	B	OPEN	blueprint	from:exact,to:exact	blueprint	source=blueprint | CHAP-B NODE B.43 SIGNATURE (resPoly) — stmt-dep extraction gap, added at A-F.4 (2026-08-15)
BP.B.47	BP.B.25	stmt-dep	B	OPEN	blueprint	from:exact,to:exact	blueprint	source=blueprint | CHAP-B NODE B.47 SIGNATURE (resField) — stmt-dep extraction gap, added at A-F.4 (2026-08-15)
BP.B.48	BP.B.25	stmt-dep	B	OPEN	blueprint	from:exact,to:exact	blueprint	source=blueprint | CHAP-B NODE B.48 SIGNATURE (resField) — stmt-dep extraction gap, added at A-F.4 (2026-08-15)
BP.B.60	BP.B.29	stmt-dep	B	OPEN	blueprint	from:exact,to:exact	blueprint	source=blueprint | CHAP-B NODE B.60 SIGNATURE (resPoly) — stmt-dep extraction gap, added at A-F.4 (2026-08-15)
BP.B.63	BP.B.25	stmt-dep	B	OPEN	blueprint	from:exact,to:exact	blueprint	source=blueprint | CHAP-B NODE B.63 SIGNATURE (resField) — stmt-dep extraction gap, added at A-F.4 (2026-08-15)
BP.B.63	BP.B.29	stmt-dep	B	OPEN	blueprint	from:exact,to:exact	blueprint	source=blueprint | CHAP-B NODE B.63 SIGNATURE (resPoly) — stmt-dep extraction gap, added at A-F.4 (2026-08-15)
BP.B.64	BP.B.25	stmt-dep	B	OPEN	blueprint	from:exact,to:exact	blueprint	source=blueprint | CHAP-B NODE B.64 SIGNATURE (resField) — stmt-dep extraction gap, added at A-F.4 (2026-08-15)
BP.B.65	BP.B.25	stmt-dep	B	OPEN	blueprint	from:exact,to:exact	blueprint	source=blueprint | CHAP-B NODE B.65 SIGNATURE (resField) — stmt-dep extraction gap, added at A-F.4 (2026-08-15)
BP.B.65	BP.B.29	stmt-dep	B	OPEN	blueprint	from:exact,to:exact	blueprint	source=blueprint | CHAP-B NODE B.65 SIGNATURE (resPoly) — stmt-dep extraction gap, added at A-F.4 (2026-08-15)
BP.B.71	BP.B.25	stmt-dep	B	OPEN	blueprint	from:exact,to:exact	blueprint	source=blueprint | CHAP-B NODE B.71 SIGNATURE (resField) — stmt-dep extraction gap, added at A-F.4 (2026-08-15)
BP.B.71	BP.B.29	stmt-dep	B	OPEN	blueprint	from:exact,to:exact	blueprint	source=blueprint | CHAP-B NODE B.71 SIGNATURE (resPoly) — stmt-dep extraction gap, added at A-F.4 (2026-08-15)
BP.B.72	BP.B.29	stmt-dep	B	OPEN	blueprint	from:exact,to:exact	blueprint	source=blueprint | CHAP-B NODE B.72 SIGNATURE (resPoly) — stmt-dep extraction gap, added at A-F.4 (2026-08-15)
BP.B.79	BP.B.25	stmt-dep	B	OPEN	blueprint	from:exact,to:exact	blueprint	source=blueprint | CHAP-B NODE B.79 SIGNATURE (resField) — stmt-dep extraction gap, added at A-F.4 (2026-08-15)
BP.B.80	BP.B.25	stmt-dep	B	OPEN	blueprint	from:exact,to:exact	blueprint	source=blueprint | CHAP-B NODE B.80 SIGNATURE (resField) — stmt-dep extraction gap, added at A-F.4 (2026-08-15)
BP.B.81	BP.B.25	stmt-dep	B	OPEN	blueprint	from:exact,to:exact	blueprint	source=blueprint | CHAP-B NODE B.81 SIGNATURE (resField) — stmt-dep extraction gap, added at A-F.4 (2026-08-15)
BP.B.82	BP.B.25	stmt-dep	B	OPEN	blueprint	from:exact,to:exact	blueprint	source=blueprint | CHAP-B NODE B.82 SIGNATURE (resField) — stmt-dep extraction gap, added at A-F.4 (2026-08-15)
