Defs.lean	LeanUrat.MovesJ.boxChart_sorted
Defs.lean	LeanUrat.MovesJ.boxChart_lt
Defs.lean	LeanUrat.MovesJ.isNodeLift_iff
Defs.lean	LeanUrat.MovesJ.valueSlots_spanSlot
Defs.lean	LeanUrat.MovesJ.mkFreshClauses_disj
Defs.lean	LeanUrat.MovesJ.pinTransportSystem_spec
K1_vertexPin.lean	LeanUrat.MovesJ.isDevelopment_extend
K1_vertexPin.lean	LeanUrat.MovesJ.strFrame_pos
K1_vertexPin.lean	LeanUrat.MovesJ.K1_readVertexPin_nonrec
K1_vertexPin.lean	LeanUrat.MovesJ.K1_readVertexPin
K1_vertexPin.lean	LeanUrat.MovesJ.K1_NA_transport_root
K1_vertexPin.lean	LeanUrat.MovesJ.K1_NA_transport_increment
K1_vertexPin.lean	LeanUrat.MovesJ.K1_SAE_vertexEq_endpoint
U10_zcStep.lean	LeanUrat.MovesJ.zc_step_transport
U10_zcStep.lean	LeanUrat.MovesJ.zc_step_freshExact
U10_zcStep.lean	LeanUrat.MovesJ.zc_step_interiorZero
U10_zcStep.lean	LeanUrat.MovesJ.zc_step_confine
U10_zcStep.lean	LeanUrat.MovesJ.zc_step
U11_rootHeight.lean	LeanUrat.MovesJ.root_height_of_inBox
U13_assembly.lean	LeanUrat.MovesJ.jetSetup_of_seed
U14_npFits.lean	LeanUrat.MovesJ.NP_fits
U14_npFits.lean	LeanUrat.MovesJ.NP_fits_box
U15_presentExist.lean	LeanUrat.MovesJ.present_exist_of_seeds
U16_threshold.lean	LeanUrat.MovesJ.threshold_of_seeds
U17a_liftSwap.lean	LeanUrat.MovesJ.lift_swap
U17b_galois.lean	LeanUrat.MovesJ.galois_root_swap
U17b_galois.lean	LeanUrat.MovesJ.galois_transport
U17b_galois.lean	LeanUrat.MovesJ.galois_normalize_upTo
U17b_galois.lean	LeanUrat.MovesJ.galois_normalize
U17c_total.lean	LeanUrat.MovesJ.presentNorm_total
U17c_total.lean	LeanUrat.MovesJ.presentNorm_polOM
U18_unique.lean	LeanUrat.MovesJ.nextField_le_galFixed
U18_unique.lean	LeanUrat.MovesJ.canonRoot_congr
U18_unique.lean	LeanUrat.MovesJ.presentNorm_unique
U19_runCoherent.lean	LeanUrat.MovesJ.readsOf_coherent
U1_keysExist.lean	LeanUrat.MovesJ.keys_exist_of_run
U1_negWitness.lean	LeanUrat.MovesJ.U1neg.last_lt
U1_negWitness.lean	LeanUrat.MovesJ.U1neg.zeroLast_getElem
U1_negWitness.lean	LeanUrat.MovesJ.U1neg.zeroLast_map_e
U1_negWitness.lean	LeanUrat.MovesJ.U1neg.zeroLast_strFrame
U1_negWitness.lean	LeanUrat.MovesJ.U1neg.zeroLast_coherent
U1_negWitness.lean	LeanUrat.MovesJ.U1neg.zeroLast_no_keys
U1_negWitness.lean	LeanUrat.MovesJ.retiredKeysExist_false_of_witness
U1_negWitness.lean	LeanUrat.MovesJ.keysLawful_of_hcoh_false_of_witness
U1b_nodeLift.lean	LeanUrat.MovesJ.nodeLift_exists
U20_NA.lean	LeanUrat.MovesJ.readsOf_NA
U20a_NAtransportRoot.lean	LeanUrat.MovesJ.NA_transport_root
U20b_NAtransportIncrement.lean	LeanUrat.MovesJ.NA_transport_increment
U20c_NAtransportRecentering.lean	LeanUrat.MovesJ.NA_transport_recentering
U21_HV.lean	LeanUrat.MovesJ.readsOf_HV_of_pin
U21_HV.lean	LeanUrat.MovesJ.readsOf_HV
U22E1_spanStrict.lean	LeanUrat.MovesJ.SAE_spanStrict_endpoint
U22E2_vertexEq.lean	LeanUrat.MovesJ.SAE_vertexEq_endpoint
U22_SAE.lean	LeanUrat.MovesJ.readsOf_SAE
U23_runRealizable.lean	LeanUrat.MovesJ.readsOf_realizable
U24_runCanon.lean	LeanUrat.MovesJ.readsOf_canonical
U25_polTotal.lean	LeanUrat.MovesJ.polOM_total
U25_polTotal.lean	LeanUrat.MovesJ.polOM_liftOf_spec
U26_fiberWelldef.lean	LeanUrat.MovesJ.class_fiber_welldef
U27_gateInert.lean	LeanUrat.MovesJ.U27.keysLawful₀
U27_gateInert.lean	LeanUrat.MovesJ.gate_order0_inert
U28_gateSep.lean	LeanUrat.MovesJ.gate_order0_sep
U29_gateNP.lean	LeanUrat.MovesJ.gate_NP_value
U29_gateNP.lean	LeanUrat.MovesJ.gate_NP_fits
U29_gateNP.lean	LeanUrat.MovesJ.gate_NP_attained
U2_freshDisj.lean	LeanUrat.MovesJ.mkFresh_disj
U30_gatePol.lean	LeanUrat.MovesJ.gate_polOM
U31_gateReadsOf.lean	LeanUrat.MovesJ.U31.ρ_eq_zero_iff
U31_gateReadsOf.lean	LeanUrat.MovesJ.U31.θ_C
U31_gateReadsOf.lean	LeanUrat.MovesJ.U31.bw_eq
U31_gateReadsOf.lean	LeanUrat.MovesJ.U31.fq_monic
U31_gateReadsOf.lean	LeanUrat.MovesJ.U31.fq_natDegree
U31_gateReadsOf.lean	LeanUrat.MovesJ.U31.is_const
U31_gateReadsOf.lean	LeanUrat.MovesJ.U31.NF_const
U31_gateReadsOf.lean	LeanUrat.MovesJ.U31.bw_const_nonneg
U31_gateReadsOf.lean	LeanUrat.MovesJ.U31.dev_coeff
U31_gateReadsOf.lean	LeanUrat.MovesJ.U31.coherent_H₀
U31_gateReadsOf.lean	LeanUrat.MovesJ.U31.landingKey_ν₀
U31_gateReadsOf.lean	LeanUrat.MovesJ.U31.sideReads_ν₀
U31_gateReadsOf.lean	LeanUrat.MovesJ.gate_readsOf_inert2
U3_freshBand.lean	LeanUrat.MovesJ.mkFresh_band
U4_freshCover.lean	LeanUrat.MovesJ.levelSet_no_straddle
U4_freshCover.lean	LeanUrat.MovesJ.mkFresh_cover
U5_freshAssembled.lean	LeanUrat.MovesJ.mkFresh_assembled
U6_mstarEq.lean	LeanUrat.MovesJ.mkFresh_mstar
U7_sigmaRec.lean	LeanUrat.MovesJ.mkSigma_init
U7_sigmaRec.lean	LeanUrat.MovesJ.freshAttach_exists
U7_sigmaRec.lean	LeanUrat.MovesJ.mkSigma_recursion_of_unpinned
U7_sigmaRec.lean	LeanUrat.MovesJ.mkSigma_recursion_zero
U7_sigmaRec.lean	LeanUrat.MovesJ.mkSigma_recursion
U8_inhImplied.lean	LeanUrat.MovesJ.mkStratum_inh
U9_zcRoot.lean	LeanUrat.MovesJ.zc_root_downset_mp
U9_zcRoot.lean	LeanUrat.MovesJ.zc_root_downset_mpr
U9_zcRoot.lean	LeanUrat.MovesJ.zc_root_interior_zero
U9_zcRoot.lean	LeanUrat.MovesJ.zc_root
U9_zcRoot.lean	LeanUrat.MovesJ.u9c_probe_tail
